Province_State,Country_Region,Last_Update,Lat,Long_,Confirmed,Deaths,Recovered,Active,FIPS,Incident_Rate,People_Tested,People_Hospitalized,Mortality_Rate,UID,ISO3,Testing_Rate,Hospitalization_Rate,Cases_28_Days,Deaths_28_Days
Australian Capital Territory,Australia,2022-05-29 10:31:59,-35.4735,149.0124,130664,62,,,,30521.84069142724,,,0.0474499479581215,3601,AUS,,,25723,11
New South Wales,Australia,2022-05-29 10:31:59,-33.8688,151.2093,2568373,3150,,,,31638.0019709288,,,0.1226457372040587,3602,AUS,,,281092,376
Northern Territory,Australia,2022-05-29 10:31:59,-12.4634,130.8456,71398,49,,,,29070.84690553746,,,0.0686293733718031,3603,AUS,,,8109,6
Queensland,Australia,2022-05-29 10:31:59,-27.4698,153.0251,1171832,1039,,,,22907.477274948684,,,0.0886645867325691,3604,AUS,,,174213,171
South Australia,Australia,2022-05-29 10:31:59,-34.9285,138.6007,510239,443,,,,29048.619413606604,,,0.0868220578983574,3605,AUS,,,100522,95
Tasmania,Australia,2022-05-29 10:31:59,-42.8821,147.3272,162891,72,,,,30418.48739495798,,,0.0442013370904469,3606,AUS,,,26434,21
Victoria,Australia,2022-05-29 10:31:59,-37.8136,144.9631,1880296,3397,,,,28360.850088236624,,,0.1806630445419232,3607,AUS,,,318881,430
Western Australia,Australia,2022-05-29 10:31:59,-31.9505,115.8605,721110,248,,,,27412.37740439444,,,0.0343914243319327,3608,AUS,,,328687,100
Antwerp,Belgium,2022-05-29 10:31:59,51.2195,4.4024,662720,0,,,,35444.68987500869,,,0.0,5601,BEL,,,14123,0
Brussels,Belgium,2022-05-29 10:31:59,50.8503,4.3517,451671,0,,,,37075.24286787249,,,0.0,5602,BEL,,,8107,0
East Flanders,Belgium,2022-05-29 10:31:59,51.0362,3.7373,554180,0,,,,36333.59667727692,,,0.0,5603,BEL,,,14095,0
Flemish Brabant,Belgium,2022-05-29 10:31:59,50.9167,4.5833,401112,0,,,,34702.98301758976,,,0.0,5604,BEL,,,11282,0
Hainaut,Belgium,2022-05-29 10:31:59,50.5257,4.0621,459449,0,,,,34113.10920376585,,,0.0,5605,BEL,,,10382,0
Liege,Belgium,2022-05-29 10:31:59,50.4496,5.8492,377340,0,,,,34000.72085060371,,,0.0,5606,BEL,,,7077,0
Limburg,Belgium,2022-05-29 10:31:59,50.9739,5.342,307667,0,,,,35066.96148717189,,,0.0,5607,BEL,,,5935,0
Luxembourg,Belgium,2022-05-29 10:31:59,50.0547,5.4677,107447,0,,,,37470.357660975336,,,0.0,5608,BEL,,,2019,0
Namur,Belgium,2022-05-29 10:31:59,50.331,4.8221,178746,0,,,,36049.71038577583,,,0.0,5609,BEL,,,4003,0
Unknown,Belgium,2022-05-29 10:31:59,,,56869,31727,,,,,,,55.7896217622958,5610,BEL,,,983,288
Walloon Brabant,Belgium,2022-05-29 10:31:59,50.4,4.35,152013,0,,,,37439.873503456736,,,0.0,5611,BEL,,,3844,0
West Flanders,Belgium,2022-05-29 10:31:59,51.0536,3.1458,438354,0,,,,36500.75565492175,,,0.0,5612,BEL,,,9270,0
Acre,Brazil,2022-05-29 10:31:59,-9.0238,-70.812,124975,2002,,,,14170.545448360706,,,1.6019203840768157,7601,BRA,,,54,0
Alagoas,Brazil,2022-05-29 10:31:59,-9.5713,-36.782,299060,6936,,,,8960.98319718268,,,2.3192670367150403,7602,BRA,,,1088,10
Amapa,Brazil,2022-05-29 10:31:59,0.902,-52.003,160421,2134,,,,18968.32444358785,,,1.330249780265676,7603,BRA,,,29,4
Amazonas,Brazil,2022-05-29 10:31:59,-3.4168,-65.8561,582769,14174,,,,14060.93282410811,,,2.4321815333348207,7604,BRA,,,570,2
Bahia,Brazil,2022-05-29 10:31:59,-12.5797,-41.7007,1548454,29926,,,,10411.129811584216,,,1.932637327295483,7605,BRA,,,5574,70
Ceara,Brazil,2022-05-29 10:31:59,-5.4984,-39.3206,1246248,27066,,,,13646.92680023101,,,2.1717988714926726,7606,BRA,,,1940,159
Distrito Federal,Brazil,2022-05-29 10:31:59,-15.7998,-47.8645,705948,11690,,,,23412.446256850137,,,1.6559293319054662,7607,BRA,,,9461,39
Espirito Santo,Brazil,2022-05-29 10:31:59,-19.1834,-40.3089,1052523,14408,,,,26190.95965062894,,,1.3689012021590028,7608,BRA,,,5844,16
Goias,Brazil,2022-05-29 10:31:59,-15.827,-49.8362,1366925,26647,,,,19476.432793216187,,,1.9494120013899807,7609,BRA,,,38014,173
Maranhao,Brazil,2022-05-29 10:31:59,-4.9609,-45.2744,437701,10888,,,,6186.428304802379,,,2.4875428660204117,7610,BRA,,,5119,5
Mato Grosso,Brazil,2022-05-29 10:31:59,-12.6819,-56.9211,732078,14630,,,,21009.76161053085,,,1.9984209332885292,7611,BRA,,,4400,-224
Mato Grosso do Sul,Brazil,2022-05-29 10:31:59,-20.7722,-54.7852,533928,10565,,,,19213.05109129733,,,1.9787312146956144,7612,BRA,,,4687,37
Minas Gerais,Brazil,2022-05-29 10:31:59,-18.5122,-44.555,3403150,61544,,,,16076.260566793824,,,1.8084421785698543,7613,BRA,,,45825,248
Para,Brazil,2022-05-29 10:31:59,-1.9981,-54.9306,774477,18369,,,,9002.547407171913,,,2.371794126875298,7614,BRA,,,8871,102
Paraiba,Brazil,2022-05-29 10:31:59,-7.24,-36.782,605044,10220,,,,15057.861535984302,,,1.689133352285123,7615,BRA,,,2927,11
Parana,Brazil,2022-05-29 10:31:59,-25.2521,-52.0215,2521104,43317,,,,22049.26955733697,,,1.7181758467718904,7616,BRA,,,65684,216
Pernambuco,Brazil,2022-05-29 10:31:59,-8.8137,-36.9541,936382,21713,,,,9797.792650070298,,,2.3188186018099453,7617,BRA,,,12910,113
Piaui,Brazil,2022-05-29 10:31:59,-7.7183,-42.7289,368085,7746,,,,11245.324568079146,,,2.104405232487061,7618,BRA,,,55,10
Rio Grande do Norte,Brazil,2022-05-29 10:31:59,-5.4026,-36.9541,505424,8202,,,,14412.46610565085,,,1.62279590996866,7620,BRA,,,2012,27
Rio Grande do Sul,Brazil,2022-05-29 10:31:59,-30.0346,-51.2177,2426122,39490,,,,21324.347673455748,,,1.6277005031074283,7621,BRA,,,89223,196
Rio de Janeiro,Brazil,2022-05-29 10:31:59,-22.9068,-43.1729,2184238,73797,,,,12651.289957922249,,,3.378615334043268,7619,BRA,,,43746,360
Rondonia,Brazil,2022-05-29 10:31:59,-11.5057,-63.5806,403882,7214,,,,22725.42868798267,,,1.7861652660925715,7622,BRA,,,2258,11
Roraima,Brazil,2022-05-29 10:31:59,-2.7376,-62.0751,155745,2152,,,,25710.63505243817,,,1.381745802433465,7623,BRA,,,294,4
Santa Catarina,Brazil,2022-05-29 10:31:59,-27.2423,-50.2189,1737375,21843,,,,24248.79842920684,,,1.257241528167494,7624,BRA,,,34099,67
Sao Paulo,Brazil,2022-05-29 10:31:59,-23.5505,-46.6333,5499768,169213,,,,11977.094734692786,,,3.0767297820562614,7625,BRA,,,110423,990
Sergipe,Brazil,2022-05-29 10:31:59,-10.5741,-37.3857,327439,6348,,,,14244.55430383139,,,1.938681708654131,7626,BRA,,,363,5
Tocantins,Brazil,2022-05-29 10:31:59,-10.1753,-48.2982,306119,4157,,,,19462.497123086137,,,1.3579686331132663,7627,BRA,,,1678,4
Alberta,Canada,2022-05-29 10:31:59,53.9333,-116.5765,580881,4507,,,,13074.427640275597,,,0.7758904147321052,12401,CAN,,,15829,255
British Columbia,Canada,2022-05-29 10:31:59,53.7267,-127.6476,370559,3469,,,,7105.903288809457,,,0.9361532171664972,12402,CAN,,,7257,322
Diamond Princess,Canada,2022-05-29 10:31:59,,,0,1,,,,,,,,12413,CAN,,,0,0
Grand Princess,Canada,2022-05-29 10:31:59,,,13,0,,,,,,,0.0,12414,CAN,,,0,0
Manitoba,Canada,2022-05-29 10:31:59,53.7609,-98.8139,144140,1928,,,,10416.508583466124,,,1.3375884556681004,12403,CAN,,,3209,136
New Brunswick,Canada,2022-05-29 10:31:59,46.5653,-66.4619,65258,416,,,,8268.61794798695,,,0.6374697355113549,12404,CAN,,,4502,32
Newfoundland and Labrador,Canada,2022-05-29 10:31:59,53.1355,-57.6604,45775,182,,,,8793.533031218723,,,0.397596941561988,12405,CAN,,,1855,20
Northwest Territories,Canada,2022-05-29 10:31:59,64.8255,-124.8457,12046,22,,,,26472.39803094233,,,0.1826332392495434,12406,CAN,,,214,0
Nova Scotia,Canada,2022-05-29 10:31:59,44.682,-63.7443,96477,391,,,,9724.96484569908,,,0.4052779418928864,12407,CAN,,,10630,77
Nunavut,Canada,2022-05-29 10:31:59,70.2998,-83.1076,3531,7,,,,8961.246605588407,,,0.1982441234777683,12416,CAN,,,0,0
Ontario,Canada,2022-05-29 10:31:59,51.2538,-85.3232,1316953,13270,,,,8882.560934384332,,,1.0076289738510031,12408,CAN,,,43561,398
Prince Edward Island,Canada,2022-05-29 10:31:59,46.5107,-63.4168,37578,33,,,,22869.070947796343,,,0.0878173399329394,12409,CAN,,,3308,8
Quebec,Canada,2022-05-29 10:31:59,52.9399,-73.5491,1064905,15411,,,,12376.147583327089,,,1.4471713439226974,12410,CAN,,,22276,411
Repatriated Travellers,Canada,2022-05-29 10:31:59,,,13,0,,,,,,,0.0,,,,,0,0
Saskatchewan,Canada,2022-05-29 10:31:59,52.9399,-106.4509,138343,1376,,,,11725.533206084872,,,0.9946292909652096,12411,CAN,,,2317,67
Yukon,Canada,2022-05-29 10:31:59,64.2823,-135.0,4378,26,,,,10184.71130135393,,,0.5938784833257195,12412,CAN,,,182,1
Antofagasta,Chile,2022-05-29 10:31:59,-23.6509,-70.3975,125783,1769,,,,20703.861841477184,,,1.4063903707178236,15201,CHL,,,2825,10
Araucania,Chile,2022-05-29 10:31:59,-38.9489,-72.3311,219079,2582,,,,22886.9104828128,,,1.1785702874305617,15202,CHL,,,3057,15
Arica y Parinacota,Chile,2022-05-29 10:31:59,-18.594,-69.4785,56201,812,,,,24860.21904913566,,,1.4448141492144269,15203,CHL,,,762,3
Atacama,Chile,2022-05-29 10:31:59,-27.5661,-70.0503,67827,591,,,,23474.098787308267,,,0.8713344243442877,15204,CHL,,,1773,6
Aysen,Chile,2022-05-29 10:31:59,-45.9864,-73.7669,25348,185,,,,24572.01574284108,,,0.7298406185892378,15205,CHL,,,340,1
Biobio,Chile,2022-05-29 10:31:59,-37.4464,-72.1416,361040,4294,,,,23191.0868734363,,,1.189341901174385,15206,CHL,,,7587,24
Coquimbo,Chile,2022-05-29 10:31:59,-29.959,-71.3389,130701,1682,,,,17252.298748920915,,,1.286906756643025,15207,CHL,,,3879,13
Los Lagos,Chile,2022-05-29 10:31:59,-41.9198,-72.1416,196543,2326,,,,23716.797714031964,,,1.1834560376100904,15208,CHL,,,1302,16
Los Rios,Chile,2022-05-29 10:31:59,-40.231,-72.3311,107218,1228,,,,27860.62670689149,,,1.1453300751739446,15209,CHL,,,1180,8
Magallanes,Chile,2022-05-29 10:31:59,-52.368,-70.9863,52906,706,,,,31769.07880119856,,,1.3344422182739195,15210,CHL,,,1192,4
Maule,Chile,2022-05-29 10:31:59,-35.5183,-71.6885,245968,2931,,,,23538.733910713432,,,1.191618421908541,15211,CHL,,,6373,22
Metropolitana,Chile,2022-05-29 10:31:59,-33.4376,-70.6505,1434975,28393,,,,20174.521792237327,,,1.9786407428700847,15212,CHL,,,71995,137
Nuble,Chile,2022-05-29 10:31:59,-36.7226,-71.7622,103151,1118,,,,21462.561042344198,,,1.0838479510620354,15213,CHL,,,2796,12
OHiggins,Chile,2022-05-29 10:31:59,-34.5755,-71.0022,154599,2529,,,,16904.286784283067,,,1.635844992529059,15214,CHL,,,4445,18
Tarapaca,Chile,2022-05-29 10:31:59,-19.9232,-69.5132,80499,1090,,,,24352.45857005427,,,1.3540540876284175,15215,CHL,,,876,4
Unknown,Chile,2022-05-29 10:31:59,,,43,2,,,,,,,4.651162790697675,15217,CHL,,,0,0
Valparaiso,Chile,2022-05-29 10:31:59,-33.0472,-71.6127,322704,5639,,,,17771.003060737858,,,1.7474217859090684,15216,CHL,,,15572,57
Anhui,China,2022-05-29 10:31:59,31.8257,117.2264,1065,6,,,,1.7451243152005194,,,0.5633802816901409,15601,CHN,,,0,0
Beijing,China,2022-05-29 10:31:59,40.1824,116.4142,3344,9,,,,15.274222306165482,,,0.2691387559808612,15602,CHN,,,1189,0
Chongqing,China,2022-05-29 10:31:59,30.0572,107.874,711,6,,,,2.218120899693546,,,0.8438818565400844,15603,CHN,,,13,0
Fujian,China,2022-05-29 10:31:59,26.0789,117.9874,3247,1,,,,7.81654616699638,,,0.0307976593778872,15604,CHN,,,228,0
Gansu,China,2022-05-29 10:31:59,35.7518,104.2861,681,2,,,,2.7218409269031434,,,0.2936857562408223,15605,CHN,,,0,0
Guangdong,China,2022-05-29 10:31:59,23.3417,113.4244,7292,8,,,,5.786727047973253,,,0.1097092704333516,15606,CHN,,,238,0
Guangxi,China,2022-05-29 10:31:59,23.8298,108.7881,1627,2,,,,3.245768471494812,,,0.1229256299938537,15607,CHN,,,43,0
Guizhou,China,2022-05-29 10:31:59,26.8154,106.8748,185,2,,,,0.4797450598446954,,,1.0810810810810811,15608,CHN,,,6,0
Hainan,China,2022-05-29 10:31:59,19.1959,109.7453,288,6,,,,2.856793693469211,,,2.083333333333333,15609,CHN,,,0,0
Hebei,China,2022-05-29 10:31:59,37.8957,114.9042,2004,7,,,,2.685958568552961,,,0.3493013972055888,15610,CHN,,,6,0
Heilongjiang,China,2022-05-29 10:31:59,47.862,127.7615,2984,13,,,,9.36889091169858,,,0.435656836461126,15611,CHN,,,41,0
Henan,China,2022-05-29 10:31:59,33.882,113.614,3180,22,,,,3.2003053292561177,,,0.6918238993710691,15612,CHN,,,274,0
Hong Kong,China,2022-05-29 10:31:59,22.3,114.2,1211858,9376,,,,16164.598369371806,,,0.773688006350579,344,HKG,,,7648,68
Hubei,China,2022-05-29 10:31:59,30.9756,112.2707,68399,4512,,,,118.4345829051344,,,6.596587669410371,15613,CHN,,,1,0
Hunan,China,2022-05-29 10:31:59,27.6104,111.7088,1393,4,,,,2.0964750563715504,,,0.2871500358937545,15614,CHN,,,8,0
Inner Mongolia,China,2022-05-29 10:31:59,44.0935,113.9448,1753,1,,,,7.289237397322276,,,0.0570450656018254,15615,CHN,,,3,0
Jiangsu,China,2022-05-29 10:31:59,32.9711,119.455,2235,0,,,,2.6372298792221875,,,0.0,15616,CHN,,,32,0
Jiangxi,China,2022-05-29 10:31:59,27.614,115.7221,1383,1,,,,3.060504040451764,,,0.0723065798987707,15617,CHN,,,14,0
Jilin,China,2022-05-29 10:31:59,43.6661,126.1923,40292,5,,,,167.37108714732366,,,0.012409411297528,15618,CHN,,,81,0
Liaoning,China,2022-05-29 10:31:59,41.2956,122.6085,1675,2,,,,3.932718165427125,,,0.1194029850746268,15619,CHN,,,30,0
Macau,China,2022-05-29 10:31:59,22.1667,113.55,83,0,,,,12.782170258507843,,,0.0,446,MAC,,,1,0
Ningxia,China,2022-05-29 10:31:59,37.2692,106.1655,122,0,,,,1.693820083541428,,,0.0,15620,CHN,,,0,0
Qinghai,China,2022-05-29 10:31:59,35.7452,95.9956,147,0,,,,2.481449477097825,,,0.0,15621,CHN,,,52,0
Shaanxi,China,2022-05-29 10:31:59,35.1917,108.8701,3283,3,,,,8.3052950569277,,,0.091379835516296,15622,CHN,,,6,0
Shandong,China,2022-05-29 10:31:59,36.3427,118.1498,2735,7,,,,2.6938526666280103,,,0.2559414990859232,15623,CHN,,,18,0
Shanghai,China,2022-05-29 10:31:59,31.202,121.4491,62984,595,,,,253.2438016404315,,,0.9446843642829924,15624,CHN,,,5432,204
Shanxi,China,2022-05-29 10:31:59,37.5777,112.2922,420,0,,,,1.2029001579121503,,,0.0,15625,CHN,,,2,0
Sichuan,China,2022-05-29 10:31:59,30.6171,102.7103,2329,3,,,,2.783392566173933,,,0.12881064834693,15626,CHN,,,280,0
Tianjin,China,2022-05-29 10:31:59,39.3054,117.323,1969,3,,,,14.200192715870877,,,0.1523616048755713,15627,CHN,,,166,0
Tibet,China,2022-05-29 10:31:59,31.6927,88.0924,1,0,,,,0.027411529289219,,,0.0,15628,CHN,,,0,0
Unknown,China,2022-05-29 10:31:59,,,984371,0,,,,,,,0.0,15699,CHN,,,222203,-38
Xinjiang,China,2022-05-29 10:31:59,41.1129,85.2401,1008,3,,,,3.899066022830811,,,0.2976190476190476,15629,CHN,,,3,0
Yunnan,China,2022-05-29 10:31:59,24.974,101.487,2143,2,,,,4.539362041066632,,,0.0933271115258982,15630,CHN,,,24,0
Zhejiang,China,2022-05-29 10:31:59,29.1832,120.0934,3136,1,,,,4.85692604778732,,,0.0318877551020408,15631,CHN,,,27,0
Amazonas,Colombia,2022-05-29 10:31:59,-1.4429,-71.5724,7576,265,,,,9891.759913303476,,,3.4978880675818376,17001,COL,,,5,0
Antioquia,Colombia,2022-05-29 10:31:59,7.1986,-75.3412,920846,18269,,,,14372.270021610397,,,1.983936510556597,17002,COL,,,2144,7
Arauca,Colombia,2022-05-29 10:31:59,7.0762,-70.7105,16329,535,,,,6228.306391938178,,,3.2763794476085493,17003,COL,,,7,1
Atlantico,Colombia,2022-05-29 10:31:59,10.6966,-74.8741,403090,10131,,,,15897.74393151377,,,2.513334491056588,17004,COL,,,656,2
Bolivar,Colombia,2022-05-29 10:31:59,8.6704,-74.03,197678,3242,,,,9549.154392761737,,,1.6400408745535668,17005,COL,,,313,1
Boyaca,Colombia,2022-05-29 10:31:59,5.4545,-73.362,125354,2786,,,,10297.065163104908,,,2.2225058633948658,17006,COL,,,104,1
Caldas,Colombia,2022-05-29 10:31:59,5.2983,-75.2479,116990,2527,,,,11719.45044101958,,,2.160013676382597,17007,COL,,,45,2
Capital District,Colombia,2022-05-29 10:31:59,4.711,-74.0721,1773819,29376,,,,23929.89148427144,,,1.6560877970074737,17008,COL,,,4603,9
Caqueta,Colombia,2022-05-29 10:31:59,0.8699,-73.8419,25000,1026,,,,6226.820660092804,,,4.104,17009,COL,,,13,0
Casanare,Colombia,2022-05-29 10:31:59,5.7589,-71.5724,41814,1004,,,,9943.781747617146,,,2.4011096761850097,17010,COL,,,103,2
Cauca,Colombia,2022-05-29 10:31:59,2.705,-76.826,72345,1792,,,,4939.951710085709,,,2.4770198355104016,17011,COL,,,45,0
Cesar,Colombia,2022-05-29 10:31:59,9.3373,-73.6536,106653,2672,,,,8883.500725486309,,,2.5053209942523886,17012,COL,,,121,0
Choco,Colombia,2022-05-29 10:31:59,5.2528,-76.826,18598,429,,,,3477.39264732829,,,2.3066996451231314,17013,COL,,,12,0
Cordoba,Colombia,2022-05-29 10:31:59,8.0493,-75.574,119220,3931,,,,6679.803651200174,,,3.297265559469888,17014,COL,,,147,0
Cundinamarca,Colombia,2022-05-29 10:31:59,5.026,-74.03,318727,7290,,,,10918.823182805423,,,2.2872238624277204,17015,COL,,,373,4
Guainia,Colombia,2022-05-29 10:31:59,2.5854,-68.5247,2767,37,,,,5750.924886727355,,,1.3371882905674015,17016,COL,,,2,0
Guaviare,Colombia,2022-05-29 10:31:59,1.0654,-73.2603,5590,105,,,,6753.8995010088565,,,1.8783542039355996,17017,COL,,,1,0
Huila,Colombia,2022-05-29 10:31:59,2.5359,-75.5277,100408,3516,,,,9124.79802542017,,,3.501713010915465,17018,COL,,,55,2
La Guajira,Colombia,2022-05-29 10:31:59,11.3548,-72.5205,56411,1529,,,,6406.264195511947,,,2.710464271152789,17019,COL,,,64,0
Magdalena,Colombia,2022-05-29 10:31:59,10.4113,-74.4057,115176,3624,,,,8584.039005892322,,,3.146488851844134,17020,COL,,,211,0
Meta,Colombia,2022-05-29 10:31:59,3.272,-73.0877,105085,2546,,,,10107.028609570636,,,2.4228005899985727,17021,COL,,,52,5
Narino,Colombia,2022-05-29 10:31:59,1.2892,-77.3579,104433,3318,,,,6404.606425151111,,,3.177156645887794,17022,COL,,,18,3
Norte de Santander,Colombia,2022-05-29 10:31:59,7.9463,-72.8988,119957,5106,,,,8041.689655149297,,,4.256525254883,17023,COL,,,147,3
Putumayo,Colombia,2022-05-29 10:31:59,0.436,-75.5277,20528,776,,,,5895.76715625736,,,3.780202650038971,17024,COL,,,20,0
Quindio,Colombia,2022-05-29 10:31:59,4.461,-75.6674,70869,2055,,,,13126.222439544808,,,2.899716378106083,17025,COL,,,43,0
Risaralda,Colombia,2022-05-29 10:31:59,5.3158,-75.9928,106502,2469,,,,11289.154876876322,,,2.318266323637115,17026,COL,,,92,0
San Andres y Providencia,Colombia,2022-05-29 10:31:59,12.5567,-81.7185,10204,155,,,,16651.436031331592,,,1.5190121520972169,17027,COL,,,6,0
Santander,Colombia,2022-05-29 10:31:59,6.6437,-73.6536,284304,8179,,,,13012.595447623782,,,2.8768501322528,17028,COL,,,618,4
Sucre,Colombia,2022-05-29 10:31:59,8.814,-74.7233,65731,1715,,,,7264.193585106253,,,2.609118984953827,17029,COL,,,30,0
Tolima,Colombia,2022-05-29 10:31:59,4.0925,-75.1545,124595,4012,,,,9366.728136720629,,,3.2200329066174405,17030,COL,,,90,4
Unknown,Colombia,2022-05-29 10:31:59,,,0,300,,,,,,,,17034,COL,,,0,0
Valle del Cauca,Colombia,2022-05-29 10:31:59,3.8009,-76.6413,541560,15053,,,,12099.503874763566,,,2.7795627446635645,17031,COL,,,641,7
Vaupes,Colombia,2022-05-29 10:31:59,0.8554,-70.812,1894,22,,,,4642.498222908547,,,1.1615628299894405,17032,COL,,,5,0
Vichada,Colombia,2022-05-29 10:31:59,4.4234,-69.2878,3402,62,,,,3155.609973285841,,,1.8224573780129336,17033,COL,,,2,0
Faroe Islands,Denmark,2022-05-29 10:31:59,61.8926,-6.9118,34658,28,,,,70926.02066919062,,,0.0807894281262623,234,FRO,,,0,0
Greenland,Denmark,2022-05-29 10:31:59,71.7069,-42.6043,11971,21,,,,21086.09878108927,,,0.1754239411912121,304,GRL,,,0,0
French Guiana,France,2022-05-29 10:31:59,4.0,-53.0,82952,397,,,,27772.68131323615,,,0.4785900279679815,254,GUF,,,2093,2
French Polynesia,France,2022-05-29 10:31:59,-17.6797,-149.4068,72911,649,,,,25955.842565431605,,,0.8901263183881719,258,PYF,,,191,1
Guadeloupe,France,2022-05-29 10:31:59,16.265,-61.551,157865,947,,,,39453.723442806906,,,0.5998796439996199,312,GLP,,,10258,5
Martinique,France,2022-05-29 10:31:59,14.6415,-61.0242,162163,918,,,,43212.92952979895,,,0.5660970751651117,474,MTQ,,,10191,0
Mayotte,France,2022-05-29 10:31:59,-12.8275,45.166244,37523,187,,,,13754.10995810317,,,0.4983610052501133,175,MYT,,,160,0
New Caledonia,France,2022-05-29 10:31:59,-20.904305,165.618042,62016,313,,,,21722.57619329506,,,0.5047084623323014,540,NCL,,,1363,1
Reunion,France,2022-05-29 10:31:59,-21.1151,55.5364,414615,777,,,,46309.761556916725,,,0.1874027712456134,638,REU,,,27431,28
Saint Barthelemy,France,2022-05-29 10:31:59,17.9,-62.8333,4630,6,,,,46838.64441072332,,,0.1295896328293736,652,BLM,,,86,0
Saint Pierre and Miquelon,France,2022-05-29 10:31:59,46.8852,-56.3159,2748,1,,,,47420.18981880932,,,0.0363901018922852,666,SPM,,,47,0
St Martin,France,2022-05-29 10:31:59,18.0708,-63.0501,10668,63,,,,27595.126619933264,,,0.5905511811023622,663,MAF,,,206,0
Wallis and Futuna,France,2022-05-29 10:31:59,-14.2938,-178.1165,454,7,,,,2969.455163843286,,,1.5418502202643172,876,WLF,,,0,0
Baden-Wurttemberg,Germany,2022-05-29 10:31:59,48.6616,9.3501,3663242,16104,,,,32993.13530533927,,,0.4396105962969413,27601,DEU,,,175589,347
Bayern,Germany,2022-05-29 10:31:59,48.7904,11.4979,4883786,24033,,,,37166.8035369066,,,0.4920977290978761,27602,DEU,,,249243,474
Berlin,Germany,2022-05-29 10:31:59,52.52,13.405,1046995,4610,,,,28574.504760802687,,,0.4403077378593021,27603,DEU,,,46728,123
Brandenburg,Germany,2022-05-29 10:31:59,52.4125,12.5316,788656,5662,,,,31158.983687142714,,,0.7179302509585929,27604,DEU,,,25962,103
Bremen,Germany,2022-05-29 10:31:59,53.0793,8.8017,200057,774,,,,29414.52369399968,,,0.3868897364251188,27605,DEU,,,13859,21
Hamburg,Germany,2022-05-29 10:31:59,53.5511,9.9937,581330,2649,,,,31381.20938548258,,,0.4556792183441419,27606,DEU,,,35416,120
Hessen,Germany,2022-05-29 10:31:59,50.6521,9.1624,1852117,10121,,,,29430.663861078243,,,0.546455758464503,27607,DEU,,,125603,203
Mecklenburg-Vorpommern,Germany,2022-05-29 10:31:59,53.6127,12.4296,486010,2227,,,,30172.45125635253,,,0.4582210242587601,27608,DEU,,,18360,69
Niedersachsen,Germany,2022-05-29 10:31:59,52.6367,9.8451,2352852,9276,,,,29398.07864661874,,,0.3942449418832974,27609,DEU,,,192156,526
Nordrhein-Westfalen,Germany,2022-05-29 10:31:59,51.4332,7.6616,5262912,25377,,,,29359.80278451397,,,0.4821855277078545,27610,DEU,,,307326,628
Rheinland-Pfalz,Germany,2022-05-29 10:31:59,50.1183,7.309,1147762,5677,,,,28005.18544960693,,,0.494614737201615,27611,DEU,,,71597,161
Saarland,Germany,2022-05-29 10:31:59,49.3964,7.023,314556,1677,,,,31967.36555517276,,,0.5331324152138252,27612,DEU,,,13698,39
Sachsen,Germany,2022-05-29 10:31:59,51.1045,13.2017,1506506,15514,,,,37134.03768997381,,,1.029800080451057,27613,DEU,,,40527,229
Sachsen-Anhalt,Germany,2022-05-29 10:31:59,51.9503,11.6923,715650,5346,,,,32817.68472644363,,,0.7470132047788723,27614,DEU,,,24168,92
Schleswig-Holstein,Germany,2022-05-29 10:31:59,54.2194,9.6961,731882,2537,,,,25143.02400480955,,,0.3466405786725182,27615,DEU,,,75329,93
Thuringen,Germany,2022-05-29 10:31:59,51.011,10.8453,709039,7278,,,,33441.49734204242,,,1.0264597575027608,27616,DEU,,,18006,173
Unknown,Germany,2022-05-29 10:31:59,,,0,0,,,,,,,,27617,DEU,,,0,0
Andaman and Nicobar Islands,India,2022-05-29 10:31:59,11.225999,92.968178,10044,129,,,,2408.4251719276035,,,1.2843488649940262,35601,IND,,,9,0
Andhra Pradesh,India,2022-05-29 10:31:59,15.9129,79.74,2319914,14731,,,,4303.836680559237,,,0.6349804346195592,35602,IND,,,227,1
Arunachal Pradesh,India,2022-05-29 10:31:59,27.768456,96.384277,64505,296,,,,4107.400516282512,,,0.4588791566545229,35603,IND,,,10,0
Assam,India,2022-05-29 10:31:59,26.357149,92.830441,724227,7986,,,,2033.9433447414708,,,1.1026929401969272,35604,IND,,,14,0
Bihar,India,2022-05-29 10:31:59,25.679658,85.60484,830754,12256,,,,665.6686639381501,,,1.4752863061748724,35605,IND,,,192,0
Chandigarh,India,2022-05-29 10:31:59,30.733839,76.768278,92391,1165,,,,7975.239820004437,,,1.2609453301728524,35606,IND,,,331,0
Chhattisgarh,India,2022-05-29 10:31:59,21.264705,82.035366,1152428,14034,,,,3914.998492843734,,,1.2177767287847918,35607,IND,,,160,0
Dadra and Nagar Haveli and Daman and Diu,India,2022-05-29 10:31:59,20.194742,73.080901,11441,4,,,,1858.1377370380235,,,0.0349619788480028,35608,IND,,,0,0
Delhi,India,2022-05-29 10:31:59,28.646519,77.10898,1905954,26208,,,,10186.317916348537,,,1.3750594190625798,35609,IND,,,22879,33
Goa,India,2022-05-29 10:31:59,15.359682,74.057396,245752,3832,,,,15492.639873916469,,,1.5592955499853511,35610,IND,,,323,0
Gujarat,India,2022-05-29 10:31:59,22.694884,71.590923,1225095,10944,,,,1918.035049849936,,,0.8933184773425734,35611,IND,,,755,1
Haryana,India,2022-05-29 10:31:59,29.20004,76.332824,1002252,10621,,,,3553.4938654887637,,,1.0597135251413816,35612,IND,,,9744,2
Himachal Pradesh,India,2022-05-29 10:31:59,31.927213,77.233081,285044,4136,,,,3825.090194452328,,,1.4510040555142365,35613,IND,,,233,2
Jammu and Kashmir,India,2022-05-29 10:31:59,33.75943,76.612638,454234,4752,,,,3338.404506141264,,,1.0461568266576258,35614,IND,,,191,1
Jharkhand,India,2022-05-29 10:31:59,23.654536,85.557631,435332,5319,,,,1127.979962039644,,,1.2218261005393585,35615,IND,,,104,2
Karnataka,India,2022-05-29 10:31:59,14.70518,76.166436,3951498,40106,,,,5848.63958783403,,,1.0149568593986382,35616,IND,,,3876,5
Kerala,India,2022-05-29 10:31:59,10.450898,76.405749,6554669,69700,,,,18360.70383507104,,,1.0633641454663842,35617,IND,,,13255,653
Ladakh,India,2022-05-29 10:31:59,34.1526,77.5771,28264,228,,,,10304.459894490848,,,0.806679875459949,35618,IND,,,18,0
Lakshadweep,India,2022-05-29 10:31:59,13.6999972,72.1833326,11402,52,,,,17696.999798227505,,,0.456060340291177,35637,IND,,,0,0
Madhya Pradesh,India,2022-05-29 10:31:59,23.541513,78.289633,1042474,10736,,,,1221.282380825494,,,1.0298578189959653,35619,IND,,,1014,1
Maharashtra,India,2022-05-29 10:31:59,19.449759,76.108221,7885394,147858,,,,6403.381180130553,,,1.8750870279912453,35620,IND,,,7662,15
Manipur,India,2022-05-29 10:31:59,24.738975,93.882541,137236,2120,,,,4439.0749609014265,,,1.5447841674196274,35621,IND,,,16,0
Meghalaya,India,2022-05-29 10:31:59,25.536934,91.278882,93826,1593,,,,2786.8750204205294,,,1.6978236309764885,35622,IND,,,29,0
Mizoram,India,2022-05-29 10:31:59,23.309381,92.83822,228291,698,,,,18421.795869094385,,,0.3057501171750091,35623,IND,,,838,2
Nagaland,India,2022-05-29 10:31:59,26.06702,94.470302,35497,760,,,,1577.858331907214,,,2.1410260021973686,35624,IND,,,9,0
Odisha,India,2022-05-29 10:31:59,20.505428,84.418059,1288422,9126,,,,2779.387170693869,,,0.7083083027144833,35625,IND,,,376,2
Puducherry,India,2022-05-29 10:31:59,11.882658,78.86498,165849,1962,,,,11732.866798439663,,,1.1830038167248522,35626,IND,,,61,0
Punjab,India,2022-05-29 10:31:59,30.841465,75.40879,760308,17752,,,,2522.4730140859874,,,2.334843247736444,35627,IND,,,713,4
Rajasthan,India,2022-05-29 10:31:59,26.583423,73.847973,1285587,9556,,,,1586.5041822813014,,,0.7433180329297044,35628,IND,,,1922,4
Sikkim,India,2022-05-29 10:31:59,27.571671,88.472712,39165,452,,,,5674.0229278914485,,,1.1540916634750416,35629,IND,,,13,0
Tamil Nadu,India,2022-05-29 10:31:59,11.006091,78.400624,3455210,38025,,,,4438.789517647497,,,1.100511980458496,35630,IND,,,1278,0
Telangana,India,2022-05-29 10:31:59,18.1124,79.0193,793133,4111,,,,2014.933821158552,,,0.518324165051763,35631,IND,,,1121,0
Tripura,India,2022-05-29 10:31:59,23.746783,91.743565,100887,923,,,,2419.4720410648583,,,0.9148849703133208,35632,IND,,,6,1
Unknown,India,2022-05-29 10:31:59,,,0,0,,,,,,,,35636,IND,,,0,0
Uttar Pradesh,India,2022-05-29 10:31:59,26.925425,80.560982,2079406,23519,,,,874.1307297534951,,,1.1310441539555045,35633,IND,,,5059,12
Uttarakhand,India,2022-05-29 10:31:59,30.156447,79.197608,437867,7693,,,,3891.854292357081,,,1.7569261899161162,35634,IND,,,386,0
West Bengal,India,2022-05-29 10:31:59,23.814082,87.979803,2019291,21203,,,,2027.2112535512872,,,1.0500220126767266,35635,IND,,,1031,2
Abruzzo,Italy,2022-05-29 10:31:59,42.35122196,13.39843823,404603,3316,,,,30848.518580643195,,,0.8195688118970942,38013,ITA,,,30467,99
Basilicata,Italy,2022-05-29 10:31:59,40.63947052,15.80514834,137241,919,,,,24382.4051422267,,,0.6696249663001581,38017,ITA,,,9707,34
Calabria,Italy,2022-05-29 10:31:59,38.90597598,16.59440194,387879,2606,,,,19920.53950145111,,,0.6718590075771053,38018,ITA,,,29996,103
Campania,Italy,2022-05-29 10:31:59,40.83956555,14.25084984,1705765,10494,,,,29401.16434998617,,,0.6152078392979103,38015,ITA,,,101370,211
Emilia-Romagna,Italy,2022-05-29 10:31:59,44.49436681,11.3417208,1483890,16927,,,,33274.97820932813,,,1.1407179777476768,38008,ITA,,,72564,302
Friuli Venezia Giulia,Italy,2022-05-29 10:31:59,45.6494354,13.76813649,378355,5100,,,,31134.691660769244,,,1.3479404263191976,38006,ITA,,,15046,98
Lazio,Italy,2022-05-29 10:31:59,41.89277044,12.48366722,1571452,11324,,,,26729.547232033845,,,0.7206074382163756,38012,ITA,,,87751,212
Liguria,Italy,2022-05-29 10:31:59,44.41149315,8.9326992,448707,5325,,,,28936.89057421452,,,1.1867432422493966,38007,ITA,,,21784,52
Lombardia,Italy,2022-05-29 10:31:59,45.46679409,9.190347404,2887124,40515,,,,28697.4083188494,,,1.403299615811444,38003,ITA,,,121732,580
Marche,Italy,2022-05-29 10:31:59,43.61675973,13.5188753,472318,3900,,,,30966.16929057197,,,0.8257148785352242,38011,ITA,,,27818,63
Molise,Italy,2022-05-29 10:31:59,41.55774754,14.65916051,65752,628,,,,21514.50999126357,,,0.9551040272539238,38014,ITA,,,5865,12
P.A. Bolzano,Italy,2022-05-29 10:31:59,46.49933453,11.35662422,217857,1478,,,,40926.10056394862,,,0.6784266743781472,38041,ITA,,,6932,15
P.A. Trento,Italy,2022-05-29 10:31:59,46.06893511,11.12123097,167449,1564,,,,30927.859805178254,,,0.9340157301626166,38042,ITA,,,6262,9
Piemonte,Italy,2022-05-29 10:31:59,45.0732745,7.680687483,1195781,13429,,,,27448.79609476252,,,1.1230317257089717,38001,ITA,,,51409,112
Puglia,Italy,2022-05-29 10:31:59,41.12559576,16.86736689,1130144,8491,,,,28049.866804929097,,,0.7513201857462412,38016,ITA,,,63541,216
Sardegna,Italy,2022-05-29 10:31:59,39.21531192,9.110616306,310630,2453,,,,18945.578500979816,,,0.7896854778997521,38020,ITA,,,30711,100
Sicilia,Italy,2022-05-29 10:31:59,38.11569725,13.3623567,1187525,10924,,,,23751.017772187435,,,0.9198964232331952,38019,ITA,,,75512,337
Toscana,Italy,2022-05-29 10:31:59,43.76923077,11.25588885,1148566,10076,,,,30795.61813053857,,,0.8772678278827686,38009,ITA,,,51015,229
Umbria,Italy,2022-05-29 10:31:59,43.10675841,12.38824698,285416,1851,,,,32359.540370628616,,,0.6485270622529922,38010,ITA,,,17215,17
Valle d'Aosta,Italy,2022-05-29 10:31:59,45.73750286,7.320149366,36546,535,,,,29081.851893113493,,,1.463908498878126,38002,ITA,,,1494,2
Veneto,Italy,2022-05-29 10:31:59,45.43490485,12.33845213,1750741,14687,,,,35686.77339358244,,,0.8389019278122807,38005,ITA,,,82350,232
Aichi,Japan,2022-05-29 10:31:59,35.035551,137.211621,538984,2062,,,,7136.744480676525,,,0.3825716533329375,39201,JPN,,,54384,44
Akita,Japan,2022-05-29 10:31:59,39.748679,140.408228,30164,67,,,,3120.984179867355,,,0.2221190823498209,39202,JPN,,,5287,10
Aomori,Japan,2022-05-29 10:31:59,40.781541,140.828896,57309,104,,,,4598.0691142524975,,,0.1814723690868799,39203,JPN,,,8618,8
Chiba,Japan,2022-05-29 10:31:59,35.510141,140.198917,447916,1777,,,,7155.914114204885,,,0.3967261718715116,39204,JPN,,,26544,33
Ehime,Japan,2022-05-29 10:31:59,33.624835,132.856842,39128,139,,,,2921.7115997057977,,,0.3552443263136373,39205,JPN,,,5805,4
Fukui,Japan,2022-05-29 10:31:59,35.846614,136.224654,34732,45,,,,4522.766841550804,,,0.1295635149142001,39206,JPN,,,7629,0
Fukuoka,Japan,2022-05-29 10:31:59,33.526032,130.666949,422166,1251,,,,8271.79765812074,,,0.2963289322209747,39207,JPN,,,51522,40
Fukushima,Japan,2022-05-29 10:31:59,37.378867,140.223295,62999,222,,,,3413.6196918048527,,,0.3523865458181875,39208,JPN,,,11104,10
Gifu,Japan,2022-05-29 10:31:59,35.778671,137.055925,98847,334,,,,4975.71966392612,,,0.3378959401903952,39209,JPN,,,14267,10
Gunma,Japan,2022-05-29 10:31:59,36.504479,138.985605,93838,319,,,,4830.894496451914,,,0.3399475692150301,39210,JPN,,,9448,11
Hiroshima,Japan,2022-05-29 10:31:59,34.605309,132.788719,155631,485,,,,5549.970633094844,,,0.3116345715185278,39211,JPN,,,28782,21
Hokkaido,Japan,2022-05-29 10:31:59,43.385711,142.552318,355731,2059,,,,6775.765330952149,,,0.5788081443562691,39212,JPN,,,62191,65
Hyogo,Japan,2022-05-29 10:31:59,35.039913,134.828057,422476,2231,,,,7728.893434000647,,,0.5280773345704844,39213,JPN,,,37498,41
Ibaraki,Japan,2022-05-29 10:31:59,36.303588,140.319591,157967,438,,,,5522.728853930715,,,0.2772731013439516,39214,JPN,,,14104,17
Ishikawa,Japan,2022-05-29 10:31:59,36.769464,136.771027,55064,195,,,,4840.157201386368,,,0.3541333720761296,39215,JPN,,,11516,4
Iwate,Japan,2022-05-29 10:31:59,39.593287,141.361777,34293,90,,,,2795.28470447076,,,0.2624442306009973,39216,JPN,,,6677,4
Kagawa,Japan,2022-05-29 10:31:59,34.217292,133.969047,47718,123,,,,4989.6115113029055,,,0.257764365648183,39217,JPN,,,8515,3
Kagoshima,Japan,2022-05-29 10:31:59,31.009484,130.430665,81663,197,,,,5096.697004817531,,,0.2412353207695039,39218,JPN,,,17162,18
Kanagawa,Japan,2022-05-29 10:31:59,35.415312,139.338983,750557,2198,,,,8159.764425215703,,,0.2928491773442923,39219,JPN,,,48594,60
Kochi,Japan,2022-05-29 10:31:59,33.422519,133.367307,27339,113,,,,3916.599453604363,,,0.4133289439994148,39220,JPN,,,5909,9
Kumamoto,Japan,2022-05-29 10:31:59,32.608154,130.745231,97260,288,,,,5565.451853920336,,,0.2961135101789019,39221,JPN,,,14990,7
Kyoto,Japan,2022-05-29 10:31:59,35.253815,135.443341,202312,715,,,,7832.573287127892,,,0.3534145280556763,39222,JPN,,,21321,13
Mie,Japan,2022-05-29 10:31:59,34.508018,136.376013,81494,300,,,,4576.047149670781,,,0.368125260755393,39223,JPN,,,10134,15
Miyagi,Japan,2022-05-29 10:31:59,38.446859,140.927086,86126,196,,,,3734.274496881456,,,0.2275735550240345,39224,JPN,,,11926,8
Miyazaki,Japan,2022-05-29 10:31:59,32.193204,131.299374,52117,141,,,,4855.767394235168,,,0.2705451196346681,39225,JPN,,,11914,10
Nagano,Japan,2022-05-29 10:31:59,36.132134,138.045528,72788,193,,,,3552.7311242245423,,,0.2651535967467165,39226,JPN,,,10627,15
Nagasaki,Japan,2022-05-29 10:31:59,33.235712,129.608033,57863,124,,,,4362.001742900995,,,0.2142992931579766,39227,JPN,,,10935,3
Nara,Japan,2022-05-29 10:31:59,34.317451,135.871644,90621,385,,,,6812.978950067024,,,0.4248463380452654,39228,JPN,,,7096,20
Niigata,Japan,2022-05-29 10:31:59,37.521819,138.918647,71142,91,,,,3200.1173133444827,,,0.1279131877090888,39229,JPN,,,10422,0
Oita,Japan,2022-05-29 10:31:59,33.200697,131.43324,53437,160,,,,4706.306134922857,,,0.2994180062503508,39230,JPN,,,9575,4
Okayama,Japan,2022-05-29 10:31:59,34.89246,133.826252,97092,247,,,,5138.268382598093,,,0.2543978906604046,39231,JPN,,,16817,7
Okinawa,Japan,2022-05-29 10:31:59,25.768923,126.668016,212141,459,,,,14598.51854706407,,,0.2163655304726573,39232,JPN,,,51165,12
Osaka,Japan,2022-05-29 10:31:59,34.620965,135.507481,969457,5036,,,,11004.847910115635,,,0.5194660516144605,39233,JPN,,,74308,90
Port Quarantine,Japan,2022-05-29 10:31:59,,,4463,4,,,,,,,0.0896258122339233,39248,JPN,,,0,0
Saga,Japan,2022-05-29 10:31:59,33.286977,130.115738,52005,105,,,,6383.245101637268,,,0.2019036631093164,39234,JPN,,,7334,7
Saitama,Japan,2022-05-29 10:31:59,35.997101,139.347635,548078,1590,,,,7457.155013141365,,,0.2901046931276205,39235,JPN,,,36245,141
Shiga,Japan,2022-05-29 10:31:59,35.215827,136.138064,90175,219,,,,6377.555530880665,,,0.242861103410036,39236,JPN,,,9150,6
Shimane,Japan,2022-05-29 10:31:59,35.07076,132.554064,16770,15,,,,2486.853929585109,,,0.0894454382826475,39237,JPN,,,3013,1
Shizuoka,Japan,2022-05-29 10:31:59,34.916975,138.407784,168840,409,,,,4633.970152006516,,,0.2422411750769959,39238,JPN,,,22063,7
Tochigi,Japan,2022-05-29 10:31:59,36.689912,139.819213,90562,272,,,,4682.650892714027,,,0.3003467237914357,39239,JPN,,,9739,7
Tokushima,Japan,2022-05-29 10:31:59,33.919178,134.242091,21956,82,,,,3016.0293525757,,,0.3734742211696119,39240,JPN,,,3163,3
Tokyo,Japan,2022-05-29 10:31:59,35.711343,139.446921,1534499,4489,,,,11023.174686435552,,,0.2925384767275834,39241,JPN,,,95855,161
Tottori,Japan,2022-05-29 10:31:59,35.359069,133.863619,14940,20,,,,2689.188167572063,,,0.1338688085676037,39242,JPN,,,2685,6
Toyama,Japan,2022-05-29 10:31:59,36.637464,137.269346,37063,93,,,,3551.790030110148,,,0.2509241022043547,39243,JPN,,,4980,2
Unknown,Japan,2022-05-29 10:31:59,,,8,0,,,,,,,0.0,39249,JPN,,,0,0
Wakayama,Japan,2022-05-29 10:31:59,33.911879,135.505446,41864,117,,,,4526.165679027562,,,0.279476399770686,39244,JPN,,,5889,2
Yamagata,Japan,2022-05-29 10:31:59,38.448396,140.102154,28229,94,,,,2619.457234430705,,,0.3329908958872082,39245,JPN,,,4970,7
Yamaguchi,Japan,2022-05-29 10:31:59,34.20119,131.573293,44060,176,,,,3243.67461364493,,,0.3994552882433045,39246,JPN,,,7490,3
Yamanashi,Japan,2022-05-29 10:31:59,35.612364,138.611489,32304,68,,,,3983.4466974780394,,,0.2105002476473501,39247,JPN,,,3573,1
Johor,Malaysia,2022-05-29 10:31:59,1.4854,103.7618,384220,4524,,,,10196.380234594766,,,1.1774504190307635,45801,MYS,,,2013,19
Kedah,Malaysia,2022-05-29 10:31:59,6.1184,100.3685,300248,2641,,,,13735.669518276223,,,0.879606192214436,45802,MYS,,,1655,13
Kelantan,Malaysia,2022-05-29 10:31:59,6.1254,102.2381,247833,1419,,,,13097.61124616848,,,0.5725629758748835,45803,MYS,,,481,0
Melaka,Malaysia,2022-05-29 10:31:59,2.1896,102.2501,124242,1123,,,,13320.681891283371,,,0.9038811352038764,45804,MYS,,,2327,5
Negeri Sembilan,Malaysia,2022-05-29 10:31:59,2.7258,101.9424,204702,1475,,,,18081.61823160498,,,0.7205596427978231,45805,MYS,,,3121,4
Pahang,Malaysia,2022-05-29 10:31:59,3.8126,103.3256,171665,975,,,,10235.823743366524,,,0.5679666792881485,45806,MYS,,,864,4
Perak,Malaysia,2022-05-29 10:31:59,4.5921,101.0901,203476,1922,,,,8092.749473014358,,,0.9445831449409268,45807,MYS,,,2788,14
Perlis,Malaysia,2022-05-29 10:31:59,6.4449,100.2048,17416,186,,,,6840.534171249018,,,1.0679834634818557,45808,MYS,,,143,4
Pulau Pinang,Malaysia,2022-05-29 10:31:59,5.4141,100.3288,281070,1991,,,,15811.768676867689,,,0.7083644643683068,45809,MYS,,,3715,9
Sabah,Malaysia,2022-05-29 10:31:59,5.9788,116.0753,371978,3127,,,,9526.416882218864,,,0.840641113184113,45810,MYS,,,1218,3
Sarawak,Malaysia,2022-05-29 10:31:59,1.5533,110.3592,306550,1733,,,,10877.896455058371,,,0.5653237644756157,45811,MYS,,,1232,4
Selangor,Malaysia,2022-05-29 10:31:59,3.0738,101.5183,1364367,10659,,,,20855.82170317492,,,0.7812414108520654,45812,MYS,,,24740,29
Terengganu,Malaysia,2022-05-29 10:31:59,5.3117,103.1324,126205,866,,,,10095.592352611791,,,0.6861851749138307,45813,MYS,,,530,2
Unknown,Malaysia,2022-05-29 10:31:59,,,0,0,,,,,,,,45817,MYS,,,0,0
W.P. Kuala Lumpur,Malaysia,2022-05-29 10:31:59,3.139,101.6869,356652,2820,,,,20054.655870445345,,,0.7906867198277312,45814,MYS,,,8506,2
W.P. Labuan,Malaysia,2022-05-29 10:31:59,5.2831,115.2308,21417,155,,,,21546.27766599597,,,0.7237241443712938,45815,MYS,,,114,0
W.P. Putrajaya,Malaysia,2022-05-29 10:31:59,2.9264,101.6964,20538,44,,,,19485.768500948765,,,0.2142370240529749,45816,MYS,,,1128,1
Aguascalientes,Mexico,2022-05-29 10:31:59,21.8853,-102.2916,66898,3509,,,,4663.067609531344,,,5.245298813118479,48401,MEX,,,1033,8
Baja California,Mexico,2022-05-29 10:31:59,30.8406,-115.2838,134542,12289,,,,3701.4273970884224,,,9.133950736572968,48402,MEX,,,438,16
Baja California Sur,Mexico,2022-05-29 10:31:59,26.0444,-111.6661,104027,2687,,,,12927.297852140156,,,2.582983263960318,48403,MEX,,,297,-3
Campeche,Mexico,2022-05-29 10:31:59,19.8301,-90.5349,34218,2242,,,,3419.690051238386,,,6.552107078146005,48404,MEX,,,129,0
Chiapas,Mexico,2022-05-29 10:31:59,16.7569,-93.1292,39463,2413,,,,688.6644433070343,,,6.114588348579682,48405,MEX,,,437,2
Chihuahua,Mexico,2022-05-29 10:31:59,28.633,-106.0691,131876,9961,,,,3469.0635532884894,,,7.553307652643392,48406,MEX,,,408,7
Ciudad de Mexico,Mexico,2022-05-29 10:31:59,19.4326,-99.1332,1405477,42826,,,,15584.1259967545,,,3.0470793901287605,48407,MEX,,,8076,32
Coahuila,Mexico,2022-05-29 10:31:59,27.0587,-101.7068,145605,8799,,,,4523.692648009146,,,6.04306170804574,48408,MEX,,,114,9
Colima,Mexico,2022-05-29 10:31:59,19.1223,-104.0072,54924,2202,,,,6995.324478159034,,,4.009176316364431,48409,MEX,,,183,5
Durango,Mexico,2022-05-29 10:31:59,24.5593,-104.6588,68215,3632,,,,3649.8205453623223,,,5.324342153485304,48410,MEX,,,-19,17
Guanajuato,Mexico,2022-05-29 10:31:59,21.019,-101.2574,282319,14885,,,,4532.933002043134,,,5.272404620305399,48411,MEX,,,229,2
Guerrero,Mexico,2022-05-29 10:31:59,17.4392,-99.5451,98208,6762,,,,2685.444653720706,,,6.885386119257087,48412,MEX,,,-172,6
Hidalgo,Mexico,2022-05-29 10:31:59,20.0911,-98.7624,93805,8415,,,,3039.287665232208,,,8.970737167528384,48413,MEX,,,395,7
Jalisco,Mexico,2022-05-29 10:31:59,20.6595,-103.3494,246414,19660,,,,2930.118852138836,,,7.978442783283417,48414,MEX,,,972,66
Mexico,Mexico,2022-05-29 10:31:59,19.4969,-99.7233,573341,47288,,,,3289.8089775008766,,,8.247796686439658,48415,MEX,,,1282,77
Michoacan,Mexico,2022-05-29 10:31:59,19.5665,-101.7068,94237,8846,,,,1952.9361394006423,,,9.38697114721394,48416,MEX,,,109,22
Morelos,Mexico,2022-05-29 10:31:59,18.6813,-99.1013,70603,5278,,,,3454.0605012186543,,,7.475603019701713,48417,MEX,,,427,10
Nayarit,Mexico,2022-05-29 10:31:59,21.7514,-104.8455,58464,3199,,,,4537.119025649344,,,5.471743295019157,48418,MEX,,,259,0
Nuevo Leon,Mexico,2022-05-29 10:31:59,25.5922,-99.9962,320014,15014,,,,5704.193807192068,,,4.6916697394489,48419,MEX,,,526,5
Oaxaca,Mexico,2022-05-29 10:31:59,17.0732,-96.7266,120388,6198,,,,2905.401182017636,,,5.148353656510616,48420,MEX,,,444,2
Puebla,Mexico,2022-05-29 10:31:59,19.0414,-98.2063,169894,16463,,,,2572.4166929242115,,,9.690159746665568,48421,MEX,,,307,11
Queretaro,Mexico,2022-05-29 10:31:59,20.5888,-100.3899,142402,6211,,,,6246.696294190698,,,4.361596044999368,48422,MEX,,,354,14
Quintana Roo,Mexico,2022-05-29 10:31:59,19.1817,-88.4791,92188,4378,,,,5349.63113495998,,,4.74899119191218,48423,MEX,,,305,
San Luis Potosi,Mexico,2022-05-29 10:31:59,22.1565,-100.9855,187137,7487,,,,6529.229884632374,,,4.000812239161684,48424,MEX,,,980,3
Sinaloa,Mexico,2022-05-29 10:31:59,25.1721,-107.4795,122552,9733,,,,3882.314106556458,,,7.941934852144396,48425,MEX,,,619,14
Sonora,Mexico,2022-05-29 10:31:59,29.2972,-110.3309,165220,10129,,,,5373.453733561645,,,6.130613727151677,48426,MEX,,,-378,11
Tabasco,Mexico,2022-05-29 10:31:59,17.8409,-92.6189,189228,6046,,,,7356.410851510737,,,3.195087407783203,48427,MEX,,,-554,2
Tamaulipas,Mexico,2022-05-29 10:31:59,24.2669,-98.8363,146784,7994,,,,4020.816292764865,,,5.446097667320689,48428,MEX,,,1249,12
Tlaxcala,Mexico,2022-05-29 10:31:59,19.3139,-98.2404,43880,3089,,,,3179.6847996139163,,,7.039653600729261,48429,MEX,,,72,16
Unknown,Mexico,2022-05-29 10:31:59,,,0,0,,,,,,,,48433,MEX,,,0,0
Veracruz,Mexico,2022-05-29 10:31:59,19.1738,-96.1342,179697,16463,,,,2104.2143303955027,,,9.16153302503659,48430,MEX,,,666,50
Yucatan,Mexico,2022-05-29 10:31:59,20.7099,-89.0943,110072,6812,,,,4872.387120877447,,,6.188676502652809,48431,MEX,,,893,4
Zacatecas,Mexico,2022-05-29 10:31:59,22.7709,-102.5832,67681,3858,,,,4061.4464728706826,,,5.700270386075856,48432,MEX,,,13,8
Aruba,Netherlands,2022-05-29 10:31:59,12.5211,-69.9683,37034,213,,,,34687.07266358204,,,0.5751471620672896,533,ABW,,,2188,1
"Bonaire, Sint Eustatius and Saba",Netherlands,2022-05-29 10:31:59,12.1784,-68.2385,10076,35,,,,38427.214827809774,,,0.3473600635172688,535,BES,,,331,1
Curacao,Netherlands,2022-05-29 10:31:59,12.1696,-68.99,43864,277,,,,26730.042656916517,,,0.6314973554623381,531,CUW,,,1623,3
Drenthe,Netherlands,2022-05-29 10:31:59,52.862485,6.618435,202592,451,,,,41036.942809338805,,,0.2226149107565945,52801,NLD,,,756,1
Flevoland,Netherlands,2022-05-29 10:31:59,52.550383,5.515162,183962,332,,,,43487.675552750334,,,0.1804720540111545,52802,NLD,,,1061,1
Friesland,Netherlands,2022-05-29 10:31:59,53.087337,5.7925,277887,617,,,,42754.67454000803,,,0.2220326967436404,52803,NLD,,,874,0
Gelderland,Netherlands,2022-05-29 10:31:59,52.061738,5.939114,985560,2803,,,,47247.491792716224,,,0.2844068346929664,52804,NLD,,,3497,10
Groningen,Netherlands,2022-05-29 10:31:59,53.217922,6.741514,248526,356,,,,42420.28040541694,,,0.1432445699846293,52805,NLD,,,1086,1
Limburg,Netherlands,2022-05-29 10:31:59,51.209227,5.93387,528947,2166,,,,47345.73277324313,,,0.4094928225323142,52806,NLD,,,1317,5
Noord-Brabant,Netherlands,2022-05-29 10:31:59,51.561174,5.184942,1235639,3701,,,,48211.498055954944,,,0.2995211384554874,52807,NLD,,,3114,11
Noord-Holland,Netherlands,2022-05-29 10:31:59,52.600906,4.918688,1325243,3377,,,,46022.940573226086,,,0.2548211912834099,52808,NLD,,,8699,16
Overijssel,Netherlands,2022-05-29 10:31:59,52.444558,6.441722,566062,1416,,,,48697.44306206265,,,0.2501492769343287,52809,NLD,,,1900,4
Sint Maarten,Netherlands,2022-05-29 10:31:59,18.0425,-63.0548,10279,86,,,,23970.430483652814,,,0.8366572623796089,534,SXM,,,243,0
Unknown,Netherlands,2022-05-29 10:31:59,,,84139,21,,,,,,,0.0249586992952138,52813,NLD,,,0,0
Utrecht,Netherlands,2022-05-29 10:31:59,52.084251,5.163824,664536,1539,,,,49049.256218843046,,,0.2315901621582577,52810,NLD,,,3340,4
Zeeland,Netherlands,2022-05-29 10:31:59,51.47936,3.861559,168421,390,,,,43918.19300734312,,,0.2315625723633038,52811,NLD,,,744,2
Zuid-Holland,Netherlands,2022-05-29 10:31:59,51.937835,4.462114,1694542,5166,,,,45691.046125107045,,,0.3048611365194843,52812,NLD,,,8455,16
Cook Islands,New Zealand,2022-05-29 10:31:59,-21.2367,-159.7777,5636,1,,,,32281.34486511255,,,0.0177430801987224,184,COK,,,605,0
Azad Jammu and Kashmir,Pakistan,2022-05-29 10:31:59,34.027401,73.947253,43332,792,,,,1071.1515348673024,,,1.827748546109111,58601,PAK,,,22,0
Balochistan,Pakistan,2022-05-29 10:31:59,28.328492,65.898403,35500,378,,,,287.57960689568915,,,1.064788732394366,58602,PAK,,,16,0
Gilgit-Baltistan,Pakistan,2022-05-29 10:31:59,35.792146,74.982138,11749,191,,,,1159.154051366241,,,1.6256702698101966,58603,PAK,,,12,0
Islamabad,Pakistan,2022-05-29 10:31:59,33.665087,73.121219,135391,1024,,,,6747.378115512426,,,0.7563279686242069,58604,PAK,,,213,1
Khyber Pakhtunkhwa,Pakistan,2022-05-29 10:31:59,34.485332,72.09169,219675,6324,,,,719.6944269360026,,,2.878798224650051,58605,PAK,,,215,0
Punjab,Pakistan,2022-05-29 10:31:59,30.811346,72.139132,507144,13564,,,,460.9878580824522,,,2.6745855220607955,58606,PAK,,,1126,4
Sindh,Pakistan,2022-05-29 10:31:59,26.009446,68.776807,577494,8106,,,,1205.9754102504714,,,1.4036509470228262,58607,PAK,,,725,5
Amazonas,Peru,2022-05-29 10:31:59,-5.077253,-78.050172,44221,1340,,,,10361.059044048734,,,3.030234503968703,60401,PER,,,87,1
Ancash,Peru,2022-05-29 10:31:59,-9.407125,-77.671795,128241,7172,,,,10862.358122988311,,,5.592595191865316,60402,PER,,,689,32
Apurimac,Peru,2022-05-29 10:31:59,-14.027713,-72.975378,39087,1633,,,,9075.226375667518,,,4.177859646429759,60403,PER,,,51,1
Arequipa,Peru,2022-05-29 10:31:59,-15.843524,-72.475539,215438,10330,,,,14387.471617470284,,,4.794882982575033,60404,PER,,,1355,28
Ayacucho,Peru,2022-05-29 10:31:59,-14.091648,-74.08344,48233,2330,,,,7218.3478000598625,,,4.830717558518027,60405,PER,,,68,3
Cajamarca,Peru,2022-05-29 10:31:59,-6.430284,-78.745596,96217,4471,,,,6618.765907683841,,,4.646787989648399,60406,PER,,,187,14
Callao,Peru,2022-05-29 10:31:59,-11.954609,-77.136042,146998,10514,,,,13009.823878219311,,,7.152478265010409,60407,PER,,,314,15
Cusco,Peru,2022-05-29 10:31:59,-13.191068,-72.153609,117123,5176,,,,8630.388328052464,,,4.41928570818712,60408,PER,,,186,4
Huancavelica,Peru,2022-05-29 10:31:59,-13.023888,-75.00277,25865,1273,,,,7080.481795784287,,,4.921708872994394,60409,PER,,,55,1
Huanuco,Peru,2022-05-29 10:31:59,-9.421676,-76.040642,52184,2892,,,,6863.606471129817,,,5.541928560478308,60410,PER,,,52,2
Ica,Peru,2022-05-29 10:31:59,-14.235097,-75.574821,103876,8943,,,,10651.763740771125,,,8.60930340020794,60411,PER,,,128,17
Junin,Peru,2022-05-29 10:31:59,-11.541783,-74.876968,126410,7482,,,,9284.612559676829,,,5.918835535163358,60412,PER,,,185,5
La Libertad,Peru,2022-05-29 10:31:59,-7.92139,-78.370238,146923,10862,,,,7284.956366521222,,,7.392988163868148,60413,PER,,,190,-83
Lambayeque,Peru,2022-05-29 10:31:59,-6.353049,-79.824113,105708,9246,,,,8064.38815990235,,,8.7467362924282,60414,PER,,,106,10
Lima,Peru,2022-05-29 10:31:59,-11.766533,-76.604498,1619813,93240,,,,15240.278496495272,,,5.756220008112048,60415,PER,,,7271,164
Loreto,Peru,2022-05-29 10:31:59,-4.124847,-74.424115,57993,4389,,,,5643.538341767225,,,7.568154777300709,60416,PER,,,43,4
Madre de Dios,Peru,2022-05-29 10:31:59,-11.972699,-70.53172,17871,857,,,,10282.508630609896,,,4.795478708522187,60417,PER,,,30,5
Moquegua,Peru,2022-05-29 10:31:59,-16.860271,-70.839046,48841,1630,,,,25345.61494551116,,,3.3373600049139043,60418,PER,,,344,8
Pasco,Peru,2022-05-29 10:31:59,-10.39655,-75.307635,24016,1105,,,,8832.659065833026,,,4.60109926715523,60419,PER,,,62,2
Piura,Peru,2022-05-29 10:31:59,-5.133361,-80.335861,158674,13103,,,,7747.75390625,,,8.257811613748945,60420,PER,,,132,10
Puno,Peru,2022-05-29 10:31:59,-14.995827,-69.922726,66256,4801,,,,5351.857835218094,,,7.246136198985752,60421,PER,,,275,37
San Martin,Peru,2022-05-29 10:31:59,-7.039531,-76.729127,61867,3165,,,,6877.167630057804,,,5.115812953594,60422,PER,,,28,3
Tacna,Peru,2022-05-29 10:31:59,-17.644161,-70.27756,53793,2136,,,,14499.460916442047,,,3.97077686687859,60423,PER,,,49,3
Tumbes,Peru,2022-05-29 10:31:59,-3.857496,-80.545255,27599,1696,,,,10973.75745526839,,,6.145150186600964,60424,PER,,,32,6
Ucayali,Peru,2022-05-29 10:31:59,-9.621718,-73.444929,39585,3258,,,,6719.572228823629,,,8.230390299355816,60425,PER,,,37,10
Unknown,Peru,2022-05-29 10:31:59,,,6702,118,,,,,,,1.7606684571769622,60426,PER,,,3020,50
Adygea Republic,Russia,2022-05-29 10:31:59,44.6939006,40.1520421,49404,1002,,,,10896.915584415585,,,2.028175856205975,64301,RUS,,,232,6
Altai Krai,Russia,2022-05-29 10:31:59,52.6932243,82.6931424,268660,8643,,,,11431.951252723313,,,3.2170773468324274,64302,RUS,,,2083,45
Altai Republic,Russia,2022-05-29 10:31:59,50.7114101,86.8572186,34393,618,,,,15772.047527549375,,,1.796877271537813,64303,RUS,,,263,6
Amur Oblast,Russia,2022-05-29 10:31:59,52.8032368,128.437295,107844,764,,,,13507.109004739335,,,0.7084306961907941,64304,RUS,,,1211,0
Arkhangelsk Oblast,Russia,2022-05-29 10:31:59,63.5589686,43.1221646,230162,1762,,,,19926.962809559594,,,0.7655477446320418,64305,RUS,,,1599,44
Astrakhan Oblast,Russia,2022-05-29 10:31:59,47.1878186,47.608851,117067,3006,,,,11505.197962878152,,,2.5677603423680457,64306,RUS,,,971,14
Bashkortostan Republic,Russia,2022-05-29 10:31:59,54.8573563,57.1439682,288364,5677,,,,7096.805472802478,,,1.968692347172324,64307,RUS,,,2522,56
Belgorod Oblast,Russia,2022-05-29 10:31:59,50.7080119,37.5837615,130808,2265,,,,8439.900998531495,,,1.7315454712250016,64308,RUS,,,965,37
Bryansk Oblast,Russia,2022-05-29 10:31:59,52.8873315,33.415853,161853,4022,,,,13365.43400314786,,,2.4849709304121643,64309,RUS,,,779,48
Buryatia Republic,Russia,2022-05-29 10:31:59,52.7182426,109.492143,136651,3027,,,,13880.088693777929,,,2.215131978543882,64310,RUS,,,695,20
Chechen Republic,Russia,2022-05-29 10:31:59,43.3976147,45.6985005,43730,1076,,,,3043.18567886423,,,2.4605533958380974,64311,RUS,,,295,0
Chelyabinsk Oblast,Russia,2022-05-29 10:31:59,54.4223954,61.1865846,330372,7684,,,,9458.01875503144,,,2.325862966595232,64312,RUS,,,3983,105
Chukotka Autonomous Okrug,Russia,2022-05-29 10:31:59,66.0006475,169.4900869,5696,42,,,,11542.514387614492,,,0.7373595505617978,64313,RUS,,,59,0
Chuvashia Republic,Russia,2022-05-29 10:31:59,55.4259922,47.0849429,79907,4637,,,,6490.60974708334,,,5.80299598283004,64314,RUS,,,1230,30
Dagestan Republic,Russia,2022-05-29 10:31:59,43.0574916,47.1332224,93231,3593,,,,3042.9014143807617,,,3.8538683485106886,64315,RUS,,,280,1
Ingushetia Republic,Russia,2022-05-29 10:31:59,43.11542075,45.01713552,40952,550,,,,8391.063902156162,,,1.3430357491697598,64316,RUS,,,237,1
Irkutsk Oblast,Russia,2022-05-29 10:31:59,56.6370122,104.719221,293814,8458,,,,12220.888904602163,,,2.8786919615811364,64317,RUS,,,2148,41
Ivanovo Oblast,Russia,2022-05-29 10:31:59,56.9167446,41.4352137,111506,3119,,,,10989.64564981284,,,2.79715889727907,64318,RUS,,,1112,30
Jewish Autonomous Okrug,Russia,2022-05-29 10:31:59,48.57527615,132.6630746,18786,546,,,,11595.294233831644,,,2.906419674225487,64319,RUS,,,186,5
Kabardino-Balkarian Republic,Russia,2022-05-29 10:31:59,43.4806048,43.5978976,61912,1875,,,,7150.61189982306,,,3.028492053236852,64320,RUS,,,341,13
Kaliningrad Oblast,Russia,2022-05-29 10:31:59,54.7293041,21.1489473,168791,1915,,,,16970.759069735643,,,1.134539163817976,64321,RUS,,,834,16
Kalmykia Republic,Russia,2022-05-29 10:31:59,46.2313018,45.3275745,51564,843,,,,18722.427772109524,,,1.6348615313009076,64322,RUS,,,422,4
Kaluga Oblast,Russia,2022-05-29 10:31:59,54.4382773,35.5272854,103927,1453,,,,10268.898163737977,,,1.3980967409816505,64323,RUS,,,796,0
Kamchatka Krai,Russia,2022-05-29 10:31:59,57.1914882,160.0383819,39923,615,,,,12651.597017337595,,,1.5404653958870826,64324,RUS,,,342,4
Karachay-Cherkess Republic,Russia,2022-05-29 10:31:59,43.7368326,41.7267991,46028,984,,,,9870.79272150202,,,2.1378291474754496,64325,RUS,,,206,2
Karelia Republic,Russia,2022-05-29 10:31:59,62.6194031,33.4920267,135589,1510,,,,21781.925318562404,,,1.113659662657,64326,RUS,,,1486,13
Kemerovo Oblast,Russia,2022-05-29 10:31:59,54.5335781,87.342861,164147,2388,,,,6091.075770805124,,,1.4547935691788458,64327,RUS,,,2480,71
Khabarovsk Krai,Russia,2022-05-29 10:31:59,51.6312684,136.121524,202356,1552,,,,15234.186201631856,,,0.7669651505267944,64328,RUS,,,1838,16
Khakassia Republic,Russia,2022-05-29 10:31:59,53.72258845,91.44293627,87840,2410,,,,16341.930334708184,,,2.743624772313297,64329,RUS,,,402,1
Khanty-Mansi Autonomous Okrug,Russia,2022-05-29 10:31:59,61.0259025,69.0982628,210618,2547,,,,13745.73093171253,,,1.2092983505683277,64330,RUS,,,1125,7
Kirov Oblast,Russia,2022-05-29 10:31:59,57.9665589,49.4074599,151736,1045,,,,11824.462804249872,,,0.6886961564823114,64331,RUS,,,881,18
Komi Republic,Russia,2022-05-29 10:31:59,63.9881421,54.3326073,171901,3182,,,,20443.158479342303,,,1.8510654388281629,64332,RUS,,,1056,43
Kostroma Oblast,Russia,2022-05-29 10:31:59,58.424756,44.2533273,89054,1386,,,,13842.791501638363,,,1.5563590630404025,64333,RUS,,,633,24
Krasnodar Krai,Russia,2022-05-29 10:31:59,45.7684014,39.0261044,260983,10922,,,,4657.566272026726,,,4.1849469122509895,64334,RUS,,,2697,68
Krasnoyarsk Krai,Russia,2022-05-29 10:31:59,63.3233807,97.0979974,365658,10829,,,,12711.920088913705,,,2.961510482472693,64335,RUS,,,1580,51
Kurgan Oblast,Russia,2022-05-29 10:31:59,55.7655302,64.5632681,104529,1435,,,,12362.439491116296,,,1.372824766332788,64336,RUS,,,740,19
Kursk Oblast,Russia,2022-05-29 10:31:59,51.6568453,36.4852695,118233,2481,,,,10601.603067330085,,,2.09839892415823,64337,RUS,,,1180,25
Leningrad Oblast,Russia,2022-05-29 10:31:59,60.1853296,32.3925325,187638,3484,,,,10344.930246507914,,,1.856766753003123,64338,RUS,,,1878,12
Lipetsk Oblast,Russia,2022-05-29 10:31:59,52.6935178,39.1122664,151303,3762,,,,13154.483433765055,,,2.486401459323345,64339,RUS,,,1831,56
Magadan Oblast,Russia,2022-05-29 10:31:59,62.48858785,153.9903764,19806,390,,,,13745.480286763226,,,1.9691002726446527,64340,RUS,,,45,1
Mari El Republic,Russia,2022-05-29 10:31:59,56.5767504,47.8817512,44613,1087,,,,6538.3031452384685,,,2.4365095375787327,64341,RUS,,,123,1
Mordovia Republic,Russia,2022-05-29 10:31:59,54.4419829,44.4661144,68115,1388,,,,8460.902098735989,,,2.037730309036189,64342,RUS,,,979,12
Moscow,Russia,2022-05-29 10:31:59,55.7504461,37.6174943,2770187,43708,,,,22150.034686052048,,,1.5777996214695975,64343,RUS,,,9203,454
Moscow Oblast,Russia,2022-05-29 10:31:59,55.5043158,38.0353929,975438,15080,,,,12999.972678997548,,,1.5459721684002468,64344,RUS,,,4886,45
Murmansk Oblast,Russia,2022-05-29 10:31:59,68.0000418,33.9999151,134600,3323,,,,17861.953375789755,,,2.4687964338781576,64345,RUS,,,341,11
Nenets Autonomous Okrug,Russia,2022-05-29 10:31:59,68.27557185,57.1686375,7365,100,,,,16739.777712116735,,,1.3577732518669383,64346,RUS,,,36,0
Nizhny Novgorod Oblast,Russia,2022-05-29 10:31:59,55.4718033,44.0911594,421002,11521,,,,13014.969926597156,,,2.7365665721302985,64347,RUS,,,3740,67
North Ossetia - Alania Republic,Russia,2022-05-29 10:31:59,42.7933611,44.6324493,40847,1252,,,,5820.609463281868,,,3.06509657992019,64348,RUS,,,133,0
Novgorod Oblast,Russia,2022-05-29 10:31:59,58.2843833,32.5169757,99787,1032,,,,16453.5777178322,,,1.0342028520749196,64349,RUS,,,751,15
Novosibirsk Oblast,Russia,2022-05-29 10:31:59,54.9720169,79.4813924,258431,5661,,,,9266.582737179388,,,2.190526678300978,64350,RUS,,,2182,37
Omsk Oblast,Russia,2022-05-29 10:31:59,56.0935263,73.5099936,207499,4386,,,,10586.246180642534,,,2.113745126482537,64351,RUS,,,1261,47
Orel Oblast,Russia,2022-05-29 10:31:59,52.9685433,36.0692477,112928,1922,,,,15112.539762621998,,,1.7019693964295834,64352,RUS,,,1324,20
Orenburg Oblast,Russia,2022-05-29 10:31:59,52.0269262,54.7276647,216470,4006,,,,10945.432113747143,,,1.8506028548990625,64353,RUS,,,1325,37
Penza Oblast,Russia,2022-05-29 10:31:59,53.1655415,44.7879181,186734,5898,,,,14022.70107497813,,,3.158503539794574,64354,RUS,,,2077,99
Perm Krai,Russia,2022-05-29 10:31:59,58.5951603,56.3159546,369816,8800,,,,14098.314908723269,,,2.3795617279944623,64355,RUS,,,2952,34
Primorsky Krai,Russia,2022-05-29 10:31:59,45.0819456,134.726645,175093,1964,,,,9152.61963046193,,,1.1216896163752976,64356,RUS,,,1105,18
Pskov Oblast,Russia,2022-05-29 10:31:59,57.5358729,28.8586826,110586,1844,,,,17372.821445739977,,,1.6674805129039842,64357,RUS,,,1043,21
Rostov Oblast,Russia,2022-05-29 10:31:59,47.6222451,40.7957942,376371,10929,,,,8917.788900335794,,,2.903783766549495,64358,RUS,,,3325,52
Ryazan Oblast,Russia,2022-05-29 10:31:59,54.4226732,40.5705246,121157,3383,,,,10803.371277443794,,,2.7922447733106632,64359,RUS,,,1660,24
Saint Petersburg,Russia,2022-05-29 10:31:59,59.9606739,30.1586551,1528999,33815,,,,28569.087629053796,,,2.211577640011537,64360,RUS,,,9404,322
Sakha (Yakutiya) Republic,Russia,2022-05-29 10:31:59,66.941626,129.642371,180164,2114,,,,18682.816048448145,,,1.173375369108146,64361,RUS,,,1790,5
Sakhalin Oblast,Russia,2022-05-29 10:31:59,49.7219665,143.448533,64825,826,,,,13224.70679198092,,,1.2741997686077902,64362,RUS,,,184,0
Samara Oblast,Russia,2022-05-29 10:31:59,53.2128813,50.8914633,384024,7864,,,,12025.123422036038,,,2.0477886798741745,64363,RUS,,,2147,63
Saratov Oblast,Russia,2022-05-29 10:31:59,51.6520555,46.8631952,252257,5966,,,,10242.067439452689,,,2.365048343554391,64364,RUS,,,3186,20
Smolensk Oblast,Russia,2022-05-29 10:31:59,55.0343496,33.0192065,131188,3054,,,,13818.747182276678,,,2.327956825319389,64365,RUS,,,1075,23
Stavropol Krai,Russia,2022-05-29 10:31:59,44.8632577,43.4406913,197772,7067,,,,7061.585889682269,,,3.573306635924196,64366,RUS,,,1480,45
Sverdlovsk Oblast,Russia,2022-05-29 10:31:59,58.6414755,61.8021546,444340,10745,,,,10273.14915001563,,,2.4181932754197235,64367,RUS,,,4267,28
Tambov Oblast,Russia,2022-05-29 10:31:59,52.9019574,41.3578918,116834,2411,,,,11304.124030527732,,,2.0636116199051644,64368,RUS,,,1350,24
Tatarstan Republic,Russia,2022-05-29 10:31:59,55.7648572,52.43104273,149836,1995,,,,3847.587900625635,,,1.331455724925919,64369,RUS,,,5086,18
Tomsk Oblast,Russia,2022-05-29 10:31:59,58.6124279,82.0475315,131467,841,,,,12192.28771747598,,,0.6397042603847354,64370,RUS,,,1540,15
Tula Oblast,Russia,2022-05-29 10:31:59,53.9570701,37.3690909,156684,5199,,,,10502.629276973968,,,3.3181435245462203,64371,RUS,,,2061,36
Tver Oblast,Russia,2022-05-29 10:31:59,57.1134475,35.1744428,162531,2741,,,,12659.429709947946,,,1.6864475084753063,64372,RUS,,,1556,18
Tyumen Oblast,Russia,2022-05-29 10:31:59,58.8206488,70.3658837,191682,4327,,,,5191.257718557036,,,2.2573846266211746,64373,RUS,,,1000,32
Tyva Republic,Russia,2022-05-29 10:31:59,51.4017149,93.8582593,44477,352,,,,13824.668502620274,,,0.7914202846415,64374,RUS,,,57,0
Udmurt Republic,Russia,2022-05-29 10:31:59,57.1961165,52.6959832,166866,3840,,,,11028.496197070275,,,2.301247707741541,64375,RUS,,,1031,20
Ulyanovsk Oblast,Russia,2022-05-29 10:31:59,54.1463177,47.2324921,202892,4690,,,,16275.394707921752,,,2.311574630838081,64376,RUS,,,1172,47
Vladimir Oblast,Russia,2022-05-29 10:31:59,56.0503336,40.6561633,151709,3463,,,,11006.669631592276,,,2.2826595653520885,64377,RUS,,,1117,25
Volgograd Oblast,Russia,2022-05-29 10:31:59,49.6048339,44.2903582,221219,6880,,,,8774.088993033685,,,3.110040276829748,64378,RUS,,,4506,35
Vologda Oblast,Russia,2022-05-29 10:31:59,60.0391461,43.1215213,191031,3845,,,,16234.62104260344,,,2.01276232653339,64379,RUS,,,1761,61
Voronezh Oblast,Russia,2022-05-29 10:31:59,50.9800393,40.1506507,384781,8298,,,,16487.54289200983,,,2.156551388971909,64380,RUS,,,4298,67
Yamalo-Nenets Autonomous Okrug,Russia,2022-05-29 10:31:59,67.1471631,74.3415488,137027,1041,,,,25443.83312877056,,,0.7597042918548899,64381,RUS,,,425,1
Yaroslavl Oblast,Russia,2022-05-29 10:31:59,57.7781976,39.0021095,161479,2806,,,,12758.239813413142,,,1.7376872534509131,64382,RUS,,,2064,46
Zabaykalsky Krai,Russia,2022-05-29 10:31:59,52.248521,115.956325,168803,2343,,,,15734.718113060517,,,1.3880085069578147,64383,RUS,,,707,6
Andalusia,Spain,2022-05-29 10:31:59,37.5443,-4.7278,1497332,13669,,,,17767.414761720836,,,0.9128903943814732,72401,ESP,,,52290,222
Aragon,Spain,2022-05-29 10:31:59,41.5976,-0.9057,428363,4782,,,,32437.342210200623,,,1.1163429147708837,72402,ESP,,,11739,86
Asturias,Spain,2022-05-29 10:31:59,43.3614,-5.8593,231744,2826,,,,22670.990652559907,,,1.2194490472245236,72403,ESP,,,11379,116
Baleares,Spain,2022-05-29 10:31:59,39.710358,2.995148,288497,1402,,,,24279.763006850582,,,0.4859669251326703,72404,ESP,,,6439,61
C. Valenciana,Spain,2022-05-29 10:31:59,39.484,-0.7533,1435790,9383,,,,28860.280335415155,,,0.6535078249604748,72411,ESP,,,45024,127
Canarias,Spain,2022-05-29 10:31:59,28.2916,-16.6291,372354,1757,,,,16872.256616857758,,,0.4718627972305924,72405,ESP,,,19371,48
Cantabria,Spain,2022-05-29 10:31:59,43.1828,-3.9878,143058,855,,,,24595.5838739016,,,0.5976596904751919,72406,ESP,,,7358,46
Castilla - La Mancha,Spain,2022-05-29 10:31:59,39.2796,-3.0977,528773,7334,,,,25985.50182640032,,,1.3869845850676945,72407,ESP,,,25637,129
Castilla y Leon,Spain,2022-05-29 10:31:59,41.8357,-4.3976,750284,8664,,,,31161.42861355474,,,1.154762729846298,72408,ESP,,,33828,177
Catalonia,Spain,2022-05-29 10:31:59,41.5912,1.5209,2465172,19264,,,,32580.38036691275,,,0.7814464873039285,72409,ESP,,,60416,283
Ceuta,Spain,2022-05-29 10:31:59,35.8894,-5.3213,21921,152,,,,25841.398578316377,,,0.6933990237671639,72410,ESP,,,1326,4
Extremadura,Spain,2022-05-29 10:31:59,39.4937,-6.0679,274816,2392,,,,25794.050068329605,,,0.8704005589194225,72412,ESP,,,12835,73
Galicia,Spain,2022-05-29 10:31:59,42.5751,-8.1339,653365,3473,,,,24194.751894227647,,,0.531555868465559,72413,ESP,,,33415,147
La Rioja,Spain,2022-05-29 10:31:59,42.2871,-2.5396,99738,924,,,,31807.150533690936,,,0.926427239367142,72419,ESP,,,3832,4
Madrid,Spain,2022-05-29 10:31:59,40.4168,-3.7038,1729516,18738,,,,26040.46073497711,,,1.0834244956392425,72414,ESP,,,60895,196
Melilla,Spain,2022-05-29 10:31:59,35.2923,-2.9381,21896,154,,,,25854.59740934478,,,0.7033248081841432,72415,ESP,,,823,
Murcia,Spain,2022-05-29 10:31:59,37.9922,-1.1307,428844,2329,,,,28826.689915659663,,,0.5430879294102284,72416,ESP,,,18118,79
Navarra,Spain,2022-05-29 10:31:59,42.6954,-1.6761,241495,1564,,,,37156.16374283402,,,0.6476324561585126,72417,ESP,,,575,20
Pais Vasco,Spain,2022-05-29 10:31:59,42.9896,-2.6189,713306,6679,,,,32752.30958546844,,,0.936344289827928,72418,ESP,,,24812,68
Unknown,Spain,2022-05-29 10:31:59,,,0,0,,,,,,,,72420,ESP,,,0,0
Blekinge,Sweden,2022-05-29 10:31:59,56.2784,15.018,29674,166,,,,18592.032880969386,,,0.5594122801105345,75201,SWE,,,69,3
Dalarna,Sweden,2022-05-29 10:31:59,61.0917,14.6664,69954,481,,,,24292.45119215463,,,0.6875947050919176,75202,SWE,,,341,7
Gavleborg,Sweden,2022-05-29 10:31:59,61.3012,16.1534,73805,706,,,,25681.845070324514,,,0.9565747578077366,75203,SWE,,,102,12
Gotland,Sweden,2022-05-29 10:31:59,57.4684,18.4867,11445,71,,,,19175.35100358543,,,0.6203582350371342,75204,SWE,,,28,1
Halland,Sweden,2022-05-29 10:31:59,56.8967,12.8034,104876,453,,,,31414.29632647193,,,0.4319386704298409,75205,SWE,,,256,8
Jamtland Harjedalen,Sweden,2022-05-29 10:31:59,63.1712,14.9592,32847,176,,,,25110.465560736942,,,0.5358175784698754,75206,SWE,,,115,8
Jonkoping,Sweden,2022-05-29 10:31:59,57.3708,14.3439,86434,689,,,,23771.792551684684,,,0.7971400143462064,75207,SWE,,,144,6
Kalmar,Sweden,2022-05-29 10:31:59,57.235,16.1849,60183,354,,,,24519.853654164257,,,0.5882059717860525,75208,SWE,,,129,1
Kronoberg,Sweden,2022-05-29 10:31:59,56.7183,14.4115,49514,385,,,,24576.485712442118,,,0.7775578624227492,75209,SWE,,,99,4
Norrbotten,Sweden,2022-05-29 10:31:59,66.8309,20.3992,48921,408,,,,19561.12326214648,,,0.8339976697123934,75210,SWE,,,165,5
Orebro,Sweden,2022-05-29 10:31:59,59.535,15.0066,93017,473,,,,30516.88784632798,,,0.5085091972435146,75211,SWE,,,402,12
Ostergotland,Sweden,2022-05-29 10:31:59,58.3454,15.5198,95093,821,,,,20428.361206887294,,,0.8633653370910582,75212,SWE,,,226,8
Skane,Sweden,2022-05-29 10:31:59,55.9903,13.5958,338209,2398,,,,24546.55047404355,,,0.7090290323439057,75213,SWE,,,552,23
Sormland,Sweden,2022-05-29 10:31:59,59.0336,16.7519,63918,588,,,,21482.1536600121,,,0.9199286585938232,75214,SWE,,,269,5
Stockholm,Sweden,2022-05-29 10:31:59,59.6025,18.1384,574014,5262,,,,24147.85192427183,,,0.916702380081322,75215,SWE,,,2157,36
Uppsala,Sweden,2022-05-29 10:31:59,60.0092,17.2715,89800,684,,,,23402.907902520896,,,0.7616926503340757,75216,SWE,,,377,4
Varmland,Sweden,2022-05-29 10:31:59,59.7294,13.2354,65553,353,,,,23211.667976800018,,,0.5384955684713133,75217,SWE,,,264,11
Vasterbotten,Sweden,2022-05-29 10:31:59,65.3337,16.5162,56701,326,,,,20866.208378720523,,,0.5749457681522372,75218,SWE,,,215,5
Vasternorrland,Sweden,2022-05-29 10:31:59,63.4276,17.7292,53636,607,,,,21861.28218400877,,,1.131702587814155,75219,SWE,,,189,8
Vastmanland,Sweden,2022-05-29 10:31:59,59.6714,16.2159,75855,486,,,,27499.1390092262,,,0.6406960648605893,75220,SWE,,,138,4
Vastra Gotaland,Sweden,2022-05-29 10:31:59,58.2528,13.0596,434499,3090,,,,25175.490083035853,,,0.7111638922068866,75221,SWE,,,794,34
Alabama,US,2022-05-29 10:31:59,32.3182,-86.9023,1312437,19658,,,1,26767.03000192732,7710028,,1.4978242765176537,84000001,USA,157245.30075858856,,11704,91
Alaska,US,2022-05-29 10:31:59,61.3707,-152.4044,260059,1285,,,2,35549.28268254174,,,0.4941186423080916,84000002,USA,,,7057,33
American Samoa,US,2022-05-29 10:31:59,-14.271,-170.132,6130,31,,,60,11017.055768228463,,,0.5057096247960848,16,ASM,,,308,5
Arizona,US,2022-05-29 10:31:59,33.7298,-111.4312,2049627,30299,,,4,28159.17970158752,19534476,,1.4782689728423757,84000004,USA,268378.0122238576,,28103,348
Arkansas,US,2022-05-29 10:31:59,34.9697,-92.3731,842815,11478,,,5,27928.089431918044,5181173,,1.3618647034046618,84000005,USA,171686.86236746985,,6958,89
California,US,2022-05-29 10:31:59,36.1162,-119.6816,9557802,91299,,,6,24189.481821865604,168381590,,0.9552300832346182,84000006,USA,426150.6369813716,,320117,1086
Colorado,US,2022-05-29 10:31:59,39.0598,-105.3111,1441472,12547,,,8,25031.04848008313,18281307,,0.8704296718909559,84000008,USA,317453.4654827032,,58448,397
Connecticut,US,2022-05-29 10:31:59,41.5978,-72.7554,806467,10941,,,9,22619.974212454705,14430099,,1.3566581149631665,84000009,USA,404738.7769904639,,48186,91
Delaware,US,2022-05-29 10:31:59,39.3185,-75.5071,274899,2956,,,10,28230.55689058129,3343814,,1.0753040207494389,84000010,USA,343390.5956679442,,12438,49
Diamond Princess,US,2022-05-29 10:31:59,,,49,0,,,88888,,,,0.0,84088888,USA,,,0,0
District of Columbia,US,2022-05-29 10:31:59,38.8974,-77.0268,149271,1342,,,11,21150.720723656712,,,0.8990359815369362,84000011,USA,,,7328,2
Florida,US,2022-05-29 10:31:59,27.7663,-81.6868,6125115,74466,,,12,28518.437487152398,58377041,,1.215748602271141,84000012,USA,271802.5693302791,,182392,518
Georgia,US,2022-05-29 10:31:59,33.0406,-83.6431,2556044,38198,,,13,24074.052620866663,18275990,,1.4944187189265912,84000013,USA,172132.0700889472,,40905,392
Grand Princess,US,2022-05-29 10:31:59,,,103,3,,,99999,,,,2.912621359223301,84099999,USA,,,0,0
Guam,US,2022-05-29 10:31:59,13.4443,144.7937,48968,363,,,66,29816.902008780424,407718,,0.7413004411043947,316,GUM,248261.8782310067,,826,9
Hawaii,US,2022-05-29 10:31:59,21.0943,-157.4983,274495,1451,,,15,19386.992609501423,3943449,,0.5286070784531595,84000015,USA,278517.3377254441,,26090,33
Idaho,US,2022-05-29 10:31:59,44.2405,-114.4788,450957,4940,,,16,25234.504620704894,1230831,,1.095448124765776,84000016,USA,68874.43937405746,,4917,13
Illinois,US,2022-05-29 10:31:59,40.3495,-88.9861,3286377,36239,,,17,25934.52827340285,,,1.102703676419352,84000017,USA,,,147695,192
Indiana,US,2022-05-29 10:31:59,39.8494,-86.2583,1730761,23700,,,18,25708.62593745093,19928562,,1.369339845305042,84000018,USA,296017.7320434763,,28469,113
Iowa,US,2022-05-29 10:31:59,42.0115,-93.2105,776165,9587,,,19,24600.563537417554,,,1.2351755103618431,84000019,USA,,,12383,58
Kansas,US,2022-05-29 10:31:59,38.5266,-96.7265,786663,8939,,,20,27002.341663136896,,,1.13631885572348,84000020,USA,,,10182,304
Kentucky,US,2022-05-29 10:31:59,37.6681,-84.6701,1352114,15933,,,21,30264.390433230004,,,1.1783769711725491,84000021,USA,,,24003,410
Louisiana,US,2022-05-29 10:31:59,31.1695,-91.8678,1189500,17325,,,22,25587.281346516967,13724664,,1.4564943253467844,84000022,USA,295230.63400959474,,16203,77
Maine,US,2022-05-29 10:31:59,44.6939,-69.3819,262572,2346,,,23,19533.525961678664,4286297,,0.893469219871121,84000023,USA,318870.60969549447,,17492,60
Maryland,US,2022-05-29 10:31:59,39.0639,-76.8021,1083424,14594,,,24,17920.630929854044,21069442,,1.3470257258469445,84000024,USA,348504.0888700692,,51891,138
Massachusetts,US,2022-05-29 10:31:59,42.2302,-71.5301,1863077,20574,,,25,27030.48515176562,45013227,,1.104302183967705,84000025,USA,653075.1890858808,,105974,311
Michigan,US,2022-05-29 10:31:59,43.3266,-84.5361,2527831,36357,,,26,25311.57700565853,24603496,,1.4382686184321658,84000026,USA,246358.74930421053,,101885,355
Minnesota,US,2022-05-29 10:31:59,45.6945,-93.9002,1504982,12938,,,27,26685.819216573,,,0.8596780559501709,84000027,USA,,,52435,160
Mississippi,US,2022-05-29 10:31:59,32.7416,-89.6787,806838,12466,,,28,27110.13460683588,,,1.5450437386439408,84000028,USA,,,9263,22
Missouri,US,2022-05-29 10:31:59,38.4561,-92.2884,1460272,20768,,,29,23792.89826292056,,,1.4222007954682416,84000029,USA,,,28975,252
Montana,US,2022-05-29 10:31:59,46.9219,-110.4544,277497,3400,,,30,25963.951353789093,2875272,,1.2252384710465338,84000030,USA,269024.250124909,,3515,40
Nebraska,US,2022-05-29 10:31:59,41.1254,-98.2681,485834,4284,,,31,25115.384138196285,,,0.8817826665074903,84000031,USA,,,5845,87
Nevada,US,2022-05-29 10:31:59,38.3135,-117.0554,728449,10872,,,32,23649.743714279408,,,1.4924860903096853,84000032,USA,,,16162,120
New Hampshire,US,2022-05-29 10:31:59,43.4525,-71.5639,324373,2534,,,33,23856.025287726585,3827259,,0.7811994216534669,84000033,USA,281475.91657344834,,14391,54
New Jersey,US,2022-05-29 10:31:59,40.2989,-74.521,2385951,33693,,,34,26862.19277002631,18146790,,1.41214132226521,84000034,USA,204305.3571247632,,124257,264
New Mexico,US,2022-05-29 10:31:59,34.8405,-106.2485,533867,7778,,,35,25460.683727666878,7195809,,1.456917172254513,84000035,USA,343175.76683649456,,11538,279
New York,US,2022-05-29 10:31:59,42.1657,-74.9481,5414434,68955,,,36,27832.611211901,110768718,,1.2735403183416771,84000036,USA,569400.72822657,,246312,611
North Carolina,US,2022-05-29 10:31:59,35.6301,-79.8064,2744935,24644,,,37,26171.93950773087,23679902,,0.8977990371356699,84000037,USA,225779.10321847157,,85680,1239
North Dakota,US,2022-05-29 10:31:59,47.5289,-99.784,244278,2281,,,38,32054.87217575473,,,0.93377217760093,84000038,USA,,,3078,13
Northern Mariana Islands,US,2022-05-29 10:31:59,15.0979,145.6739,11333,34,,,69,20551.64659799797,,,0.3000088237889349,580,MNP,,,70,0
Ohio,US,2022-05-29 10:31:59,40.3888,-82.7649,2763123,38628,,,39,23638.458050662583,,,1.3979833688185437,84000039,USA,,,66065,52
Oklahoma,US,2022-05-29 10:31:59,35.5653,-96.9289,1048988,16090,,,40,26509.8733349322,,,1.533859300583038,84000040,USA,,,8006,193
Oregon,US,2022-05-29 10:31:59,44.572,-122.0709,760803,7611,,,41,18038.18018999288,11545667,,1.0003903770095544,84000041,USA,273740.7998649513,,39492,109
Pennsylvania,US,2022-05-29 10:31:59,40.5908,-77.2098,2907324,45147,,,42,22709.93983825482,25879302,,1.5528713002059626,84000042,USA,202150.63456155133,,87105,470
Puerto Rico,US,2022-05-29 10:31:59,18.2208,-66.5901,663186,4355,,,72,20765.48348088452,4272745,,0.6566785185453251,630,PRI,133786.92510929352,,125472,148
Rhode Island,US,2022-05-29 10:31:59,41.6809,-71.5118,391275,3577,,,44,36935.00138290913,7987471,,0.914190786531212,84000044,USA,753989.527649215,,19646,37
South Carolina,US,2022-05-29 10:31:59,33.8569,-80.945,1495762,17905,,,45,29051.17666275501,13131656,,1.1970487283404714,84000045,USA,255047.2991896617,,21488,138
South Dakota,US,2022-05-29 10:31:59,44.2998,-99.4388,239704,2927,,,46,27095.63798028393,1328877,,1.2210893435236791,84000046,USA,150213.4720835938,,1892,15
Tennessee,US,2022-05-29 10:31:59,35.7478,-86.6923,2051779,26435,,,47,30044.321611954827,13066062,,1.2883941204194018,84000047,USA,191327.12096660596,,20386,268
Texas,US,2022-05-29 10:31:59,31.0545,-97.5635,6927334,88348,,,48,23890.751931282928,49104203,,1.2753535487100809,84000048,USA,169348.8913132179,,101500,241
Utah,US,2022-05-29 10:31:59,40.15,-111.8624,948979,4777,,,49,29600.481353779436,6128321,,0.503383109636778,84000049,USA,191154.1261613533,,16726,30
Vermont,US,2022-05-29 10:31:59,44.0459,-72.7107,131460,661,,,50,21067.67907767605,3659068,,0.5028145443480907,84000050,USA,586399.4397337133,,7618,24
Virgin Islands,US,2022-05-29 10:31:59,18.3358,-64.8963,19532,113,,,78,18208.599023007795,416995,,0.5785377841490886,850,VIR,388741.2835141888,,3183,2
Virginia,US,2022-05-29 10:31:59,37.7693,-78.17,1777813,20376,,,51,20828.411254195555,13819996,,1.1461272923530204,84000051,USA,161911.60724965876,,76355,140
Washington,US,2022-05-29 10:31:59,47.4009,-121.4905,1573651,12919,,,53,20665.438109241983,,,0.8209571245466752,84000053,USA,,,75535,216
West Virginia,US,2022-05-29 10:31:59,38.4912,-80.9545,513953,6945,,,54,28678.06044928234,6298171,,1.3512908767922358,84000054,USA,351431.60689385416,,12749,89
Wisconsin,US,2022-05-29 10:31:59,44.2685,-89.6165,1669592,14594,,,55,28675.155441865038,,,0.8741057695532801,84000055,USA,,,58991,181
Wyoming,US,2022-05-29 10:31:59,42.756,-107.3025,157861,1820,,,56,27275.77454519066,1422030,,1.152913005745561,84000056,USA,245703.3065576518,,1311,8
Cherkasy Oblast,Ukraine,2022-05-29 10:31:59,49.4444,32.0598,163768,2973,,,,13575.48507855508,,,1.8153729666357288,80401,UKR,,,0,0
Chernihiv Oblast,Ukraine,2022-05-29 10:31:59,51.4982,31.2893,126202,2751,,,,12548.111101720617,,,2.179838671336429,80402,UKR,,,0,0
Chernivtsi Oblast,Ukraine,2022-05-29 10:31:59,48.2917,25.9352,150465,3290,,,,16637.47520384266,,,2.186555012793673,80403,UKR,,,0,0
Crimea Republic*,Ukraine,2022-05-29 10:31:59,45.2835,34.2008,157596,4866,,,,8235.013175832966,,,3.087641818320262,80404,UKR,,,0,0
Dnipropetrovsk Oblast,Ukraine,2022-05-29 10:31:59,48.4647,35.0462,303551,9454,,,,9466.807340267838,,,3.11446840893293,80405,UKR,,,0,0
Donetsk Oblast,Ukraine,2022-05-29 10:31:59,48.0159,37.8028,216052,5607,,,,5186.201016298755,,,2.595208560902005,80406,UKR,,,0,0
Ivano-Frankivsk Oblast,Ukraine,2022-05-29 10:31:59,48.9226,24.7111,181629,3476,,,,13226.195920340911,,,1.9137912998474915,80407,UKR,,,0,0
Kharkiv Oblast,Ukraine,2022-05-29 10:31:59,49.9935,36.2304,305661,6858,,,,11424.02558231842,,,2.243662096243878,80408,UKR,,,0,0
Kherson Oblast,Ukraine,2022-05-29 10:31:59,46.6354,32.6169,107686,2881,,,,10377.97309278748,,,2.675370986014895,80409,UKR,,,0,0
Khmelnytskyi Oblast,Ukraine,2022-05-29 10:31:59,49.423,26.9871,201270,3703,,,,15914.3831960813,,,1.839817161027476,80410,UKR,,,0,0
Kiev,Ukraine,2022-05-29 10:31:59,50.4501,30.5234,445098,8966,,,,15083.977226514844,,,2.014387842677343,80411,UKR,,,0,0
Kiev Oblast,Ukraine,2022-05-29 10:31:59,50.053,30.7667,226220,5019,,,,12795.683111417808,,,2.218636725311644,80412,UKR,,,0,0
Kirovohrad Oblast,Ukraine,2022-05-29 10:31:59,48.5079,32.2623,45117,1741,,,,4771.513692045573,,,3.858855863643416,80413,UKR,,,0,0
Luhansk Oblast,Ukraine,2022-05-29 10:31:59,48.574,39.3078,80033,2392,,,,3719.294201734057,,,2.9887671335574075,80414,UKR,,,0,0
Lviv Oblast,Ukraine,2022-05-29 10:31:59,49.8397,24.0297,303357,6569,,,,12028.329661013924,,,2.165435444047772,80415,UKR,,,0,0
Mykolaiv Oblast,Ukraine,2022-05-29 10:31:59,46.975,31.9946,146174,3530,,,,5795.907329875525,,,2.414930151736971,80416,UKR,,,0,0
Odessa Oblast,Ukraine,2022-05-29 10:31:59,46.4846,30.7326,325462,5917,,,,13673.104488998904,,,1.8180309836478603,80417,UKR,,,0,0
Poltava Oblast,Ukraine,2022-05-29 10:31:59,49.5883,34.5514,179994,4181,,,,12852.684051215369,,,2.322855206284654,80418,UKR,,,0,0
Rivne Oblast,Ukraine,2022-05-29 10:31:59,50.6199,26.2516,171031,2530,,,,14778.437070390504,,,1.4792639930772784,80419,UKR,,,0,0
Sevastopol*,Ukraine,2022-05-29 10:31:59,44.6054,33.522,73298,2088,,,,16537.946937237568,,,2.848645256350787,80420,UKR,,,0,0
Sumy Oblast,Ukraine,2022-05-29 10:31:59,50.9077,34.7981,182268,3208,,,,16854.53728345561,,,1.760045647069151,80421,UKR,,,0,0
Ternopil Oblast,Ukraine,2022-05-29 10:31:59,49.5535,25.5948,146363,2391,,,,13994.257461905248,,,1.6336095871224283,80422,UKR,,,0,0
Vinnytsia Oblast,Ukraine,2022-05-29 10:31:59,49.2331,28.4682,149845,3546,,,,9603.023338977207,,,2.366445326837732,80423,UKR,,,0,0
Volyn Oblast,Ukraine,2022-05-29 10:31:59,50.7472,25.3254,132045,2394,,,,12753.90455217177,,,1.8130182892195843,80424,UKR,,,0,0
Zakarpattia Oblast,Ukraine,2022-05-29 10:31:59,48.6208,22.2879,112462,2724,,,,8948.267109695878,,,2.4221514822784584,80425,UKR,,,0,0
Zaporizhia Oblast,Ukraine,2022-05-29 10:31:59,47.8388,35.1396,215070,5866,,,,12607.894311059212,,,2.727484074952341,80426,UKR,,,0,0
Zhytomyr Oblast,Ukraine,2022-05-29 10:31:59,50.2547,28.6587,192801,3538,,,,15800.861011331814,,,1.8350527227555875,80427,UKR,,,0,0
Anguilla,United Kingdom,2022-05-29 10:31:59,18.2206,-63.0686,3203,9,,,,21350.48660178643,,,0.280986575085857,660,AIA,,,415,0
Bermuda,United Kingdom,2022-05-29 10:31:59,32.3078,-64.7505,14755,138,,,,23694.05681434972,,,0.9352761775669264,60,BMU,,,1267,7
British Virgin Islands,United Kingdom,2022-05-29 10:31:59,18.4207,-64.64,6765,62,,,,22373.251314614547,,,0.9164818920916482,92,VGB,,,410,0
Cayman Islands,United Kingdom,2022-05-29 10:31:59,19.3133,-81.2546,24477,28,,,,37244.37005477784,,,0.1143931037300322,136,CYM,,,2254,1
Channel Islands,United Kingdom,2022-05-29 10:31:59,49.3723,-2.3644,0,0,,,,0.0,,,,8261,GBR,,,0,0
England,United Kingdom,2022-05-29 10:31:59,52.3555,-1.1743,18738306,155203,,,,33474.889776551885,,,0.8282659062137208,82601,GBR,,,201829,3137
Falkland Islands (Malvinas),United Kingdom,2022-05-29 10:31:59,-51.7963,-59.5236,1687,0,,,,48435.25696238875,,,0.0,238,FLK,,,1510,0
Gibraltar,United Kingdom,2022-05-29 10:31:59,36.1408,-5.3536,18419,102,,,,54670.38675017067,,,0.553775992181986,292,GIB,,,582,0
Guernsey,United Kingdom,2022-05-29 10:31:59,49.448196,-2.58949,25579,47,,,,40601.5873015873,,,0.1837444778920208,831,GGY,,,1006,4
Isle of Man,United Kingdom,2022-05-29 10:31:59,54.2361,-4.5481,32966,106,,,,38768.93404835826,,,0.3215434083601286,833,IMN,,,761,4
Jersey,United Kingdom,2022-05-29 10:31:59,49.2138,-2.1358,50611,129,,,,46304.66605672461,,,0.2548853016142736,832,JEY,,,833,3
Montserrat,United Kingdom,2022-05-29 10:31:59,16.742498,-62.187366,975,6,,,,19503.900780156036,,,0.6153846153846154,500,MSR,,,734,4
Northern Ireland,United Kingdom,2022-05-29 10:31:59,54.7877,-6.4923,713294,3445,,,,37908.90731292517,,,0.4829705563203952,82602,GBR,,,5975,28
"Saint Helena, Ascension and Tristan da Cunha",United Kingdom,2022-05-29 10:31:59,-7.9467,-14.3559,4,0,,,,70.65889418830595,,,0.0,654,SHN,,,0,0
Scotland,United Kingdom,2022-05-29 10:31:59,56.4907,-4.2026,1951671,12344,,,,35723.299104936574,,,0.6324836511891605,82603,GBR,,,29511,286
Turks and Caicos Islands,United Kingdom,2022-05-29 10:31:59,21.694,-71.7979,6123,36,,,,15814.349914768323,,,0.5879470847623713,796,TCA,,,160,0
Unknown,United Kingdom,2022-05-29 10:31:59,,,0,0,,,,,,,,82605,GBR,,,0,0
Wales,United Kingdom,2022-05-29 10:31:59,52.1307,-3.7837,874425,7473,,,,27860.351749187532,,,0.8546187494639335,82604,GBR,,,2041,102
