UID,iso2,iso3,code3,FIPS,Admin2,Province_State,Country_Region,Lat,Long_,Combined_Key,Date,Vaccine_Type,Doses_Admin,Doses_Admin_Rate
4,AF,AFG,4,,,,Afghanistan,33.93911,67.709953,Afghanistan,2022-05-28,All,6118557,15717
8,AL,ALB,8,,,,Albania,41.1533,20.1683,Albania,2022-05-28,All,2840948,98719
12,DZ,DZA,12,,,,Algeria,28.0339,1.6596,Algeria,2022-05-28,All,15205854,34676
20,AD,AND,20,,,,Andorra,42.5063,1.5218,Andorra,2022-05-28,All,152694,197623
24,AO,AGO,24,,,,Angola,-11.2027,17.8739,Angola,2022-05-28,All,18431807,56081
28,AG,ATG,28,,,,Antigua and Barbuda,17.0608,-61.7964,Antigua and Barbuda,2022-05-28,All,135715,138586
32,AR,ARG,32,,,,Argentina,-38.4161,-63.6167,Argentina,2022-05-28,All,102356330,226473
3201,AR,ARG,32,,,Autonomous City of Buenos Aires,Argentina,-34.6037,-58.3816,"Autonomous City of Buenos Aires, Argentina",2022-05-28,All,8287959,272265
3202,AR,ARG,32,,,Buenos Aires,Argentina,-37.2017,-59.8411,"Buenos Aires, Argentina",2022-05-28,All,40175450,246632
3203,AR,ARG,32,,,Catamarca,Argentina,-27.0764,-66.9988,"Catamarca, Argentina",2022-05-28,All,1006076,258461
3204,AR,ARG,32,,,Chaco,Argentina,-26.5858,-60.95399999999999,"Chaco, Argentina",2022-05-28,All,2217240,198330
3205,AR,ARG,32,,,Chubut,Argentina,-43.6846,-69.2746,"Chubut, Argentina",2022-05-28,All,1180235,216296
3207,AR,ARG,32,,,Cordoba,Argentina,-32.2968,-63.5806,"Cordoba, Argentina",2022-05-28,All,8409668,240987
3206,AR,ARG,32,,,Corrientes,Argentina,-28.5842,-58.0072,"Corrientes, Argentina",2022-05-28,All,2382368,227038
3208,AR,ARG,32,,,Entre Rios,Argentina,-32.5176,-59.1042,"Entre Rios, Argentina",2022-05-28,All,3011393,232518
3209,AR,ARG,32,,,Formosa,Argentina,-25.3946,-58.7374,"Formosa, Argentina",2022-05-28,All,1528337,268916
3210,AR,ARG,32,,,Jujuy,Argentina,-22.6633,-66.2367,"Jujuy, Argentina",2022-05-28,All,1631624,229767
3211,AR,ARG,32,,,La Pampa,Argentina,-37.8957,-65.0958,"La Pampa, Argentina",2022-05-28,All,938217,278645
3212,AR,ARG,32,,,La Rioja,Argentina,-29.9002,-66.9988,"La Rioja, Argentina",2022-05-28,All,927602,259457
3213,AR,ARG,32,,,Mendoza,Argentina,-32.8895,-68.8458,"Mendoza, Argentina",2022-05-28,All,4207442,228440
3214,AR,ARG,32,,,Misiones,Argentina,-26.9377,-54.4342,"Misiones, Argentina",2022-05-28,All,2118505,182717
3215,AR,ARG,32,,,Neuquen,Argentina,-38.8234,-69.6691,"Neuquen, Argentina",2022-05-28,All,1563473,260143
3216,AR,ARG,32,,,Rio Negro,Argentina,-40.7344,-66.6176,"Rio Negro, Argentina",2022-05-28,All,1696679,249953
3217,AR,ARG,32,,,Salta,Argentina,-24.7821,-65.4232,"Salta, Argentina",2022-05-28,All,2689687,207546
3218,AR,ARG,32,,,San Juan,Argentina,-30.8725,-68.5247,"San Juan, Argentina",2022-05-28,All,1680470,232806
3219,AR,ARG,32,,,San Luis,Argentina,-33.8769,-66.2367,"San Luis, Argentina",2022-05-28,All,1287053,277734
3220,AR,ARG,32,,,Santa Cruz,Argentina,-48.7737,-69.1917,"Santa Cruz, Argentina",2022-05-28,All,720299,238178
3221,AR,ARG,32,,,Santa Fe,Argentina,-30.2442,-60.5821,"Santa Fe, Argentina",2022-05-28,All,8590224,257097
3222,AR,ARG,32,,,Santiago del Estero,Argentina,-28.1866,-63.5806,"Santiago del Estero, Argentina",2022-05-28,All,2375279,261517
3223,AR,ARG,32,,,Tierra del Fuego,Argentina,-54.3084,-67.7452,"Tierra del Fuego, Argentina",2022-05-28,All,382308,265515
3224,AR,ARG,32,,,Tucuman,Argentina,-26.9468,-65.2857,"Tucuman, Argentina",2022-05-28,All,3348742,215844
51,AM,ARM,51,,,,Armenia,40.0691,45.0382,Armenia,2022-05-28,All,2149195,72528
36,AU,AUS,36,,,,Australia,-25.0,133.0,Australia,2022-05-28,All,59088951,232088
3601,AU,AUS,36,,,Australian Capital Territory,Australia,-35.4735,149.0124,"Australian Capital Territory, Australia",2022-05-28,All,1546510,361249
3602,AU,AUS,36,,,New South Wales,Australia,-33.8688,151.2093,"New South Wales, Australia",2022-05-28,All,18323630,225716
3603,AU,AUS,36,,,Northern Territory,Australia,-12.4634,130.8456,"Northern Territory, Australia",2022-05-28,All,587438,239184
3604,AU,AUS,36,,,Queensland,Australia,-27.4698,153.0251,"Queensland, Australia",2022-05-28,All,11174748,218448
3605,AU,AUS,36,,,South Australia,Australia,-34.9285,138.6007,"South Australia, Australia",2022-05-28,All,4095179,233144
3606,AU,AUS,36,,,Tasmania,Australia,-42.8821,147.3272,"Tasmania, Australia",2022-05-28,All,1336985,249670
3609,AU,AUS,36,,,Unknown,Australia,,,"Unknown, Australia",2022-05-28,All,0,0
3607,AU,AUS,36,,,Victoria,Australia,-37.8136,144.9631,"Victoria, Australia",2022-05-28,All,15519529,234083
3608,AU,AUS,36,,,Western Australia,Australia,-31.9505,115.8605,"Western Australia, Australia",2022-05-28,All,6504932,247279
40,AT,AUT,40,,,,Austria,47.5162,14.5501,Austria,2022-05-28,All,18359785,203852
31,AZ,AZE,31,,,,Azerbaijan,40.1431,47.5769,Azerbaijan,2022-05-28,All,13718660,135303
44,BS,BHS,44,,,,Bahamas,25.025885,-78.035889,Bahamas,2022-05-28,All,340866,86679
48,BH,BHR,48,,,,Bahrain,26.0275,50.55,Bahrain,2022-05-28,All,3443663,202379
52,BB,BRB,52,,,,Barbados,13.1939,-59.5432,Barbados,2022-05-28,All,362756,126232
112,BY,BLR,112,,,,Belarus,53.7098,27.9534,Belarus,2022-05-28,All,12807687,135540
56,BE,BEL,56,,,,Belgium,50.8333,4.469936,Belgium,2022-05-28,All,25350274,218732
84,BZ,BLZ,84,,,,Belize,17.1899,-88.4976,Belize,2022-05-28,All,475163,119501
204,BJ,BEN,204,,,,Benin,9.3077,2.3158,Benin,2022-05-28,All,3333450,27496
64,BT,BTN,64,,,,Bhutan,27.5142,90.4336,Bhutan,2022-05-28,All,1908189,247299
68,BO,BOL,68,,,,Bolivia,-16.2902,-63.5887,Bolivia,2022-05-28,All,13552099,116097
70,BA,BIH,70,,,,Bosnia and Herzegovina,43.9159,17.6791,Bosnia and Herzegovina,2022-05-28,All,1924950,58672
72,BW,BWA,72,,,,Botswana,-22.3285,24.6849,Botswana,2022-05-28,All,2330589,99105
76,BR,BRA,76,,,,Brazil,-14.235,-51.9253,Brazil,2022-05-28,All,440230116,207109
96,BN,BRN,96,,,,Brunei,4.5353,114.7277,Brunei,2022-05-28,All,1149676,262793
100,BG,BGR,100,,,,Bulgaria,42.7339,25.4858,Bulgaria,2022-05-28,All,4397890,63293
854,BF,BFA,854,,,,Burkina Faso,12.2383,-1.5616,Burkina Faso,2022-05-28,All,2938655,14058
104,MM,MMR,104,,,,Burma,21.9162,95.956,Burma,2022-05-28,All,56989806,104741
108,BI,BDI,108,,,,Burundi,-3.3731,29.9189,Burundi,2022-05-28,All,15311,128
132,CV,CPV,132,,,,Cabo Verde,16.5388,-23.0418,Cabo Verde,2022-05-28,All,758359,136398
116,KH,KHM,116,,,,Cambodia,11.55,104.9167,Cambodia,2022-05-28,All,38606671,230915
120,CM,CMR,120,,,,Cameroon,3.848,11.5021,Cameroon,2022-05-28,All,1836573,6918
124,CA,CAN,124,,,,Canada,60.0,-95.0,Canada,2022-05-28,All,85240787,225172
12401,CA,CAN,124,,,Alberta,Canada,53.9333,-116.5765,"Alberta, Canada",2022-05-28,All,8802520,199461
12402,CA,CAN,124,,,British Columbia,Canada,53.7267,-127.6476,"British Columbia, Canada",2022-05-28,All,11721850,229349
12403,CA,CAN,124,,,Manitoba,Canada,53.7609,-98.8139,"Manitoba, Canada",2022-05-28,All,2863534,207876
12404,CA,CAN,124,,,New Brunswick,Canada,46.5653,-66.4619,"New Brunswick, Canada",2022-05-28,All,1749707,224323
12405,CA,CAN,124,,,Newfoundland and Labrador,Canada,53.1355,-57.6604,"Newfoundland and Labrador, Canada",2022-05-28,All,970503,186146
12406,CA,CAN,124,,,Northwest Territories,Canada,64.8255,-124.8457,"Northwest Territories,Canada",2022-05-28,All,101209,225389
12407,CA,CAN,124,,,Nova Scotia,Canada,44.682,-63.7443,"Nova Scotia, Canada",2022-05-28,All,2235685,228724
12416,CA,CAN,124,,,Nunavut,Canada,70.2998,-83.1076,"Nunavut, Canada",2022-05-28,All,77083,198769
12408,CA,CAN,124,,,Ontario,Canada,51.2538,-85.3232,"Ontario, Canada",2022-05-28,All,33262945,226096
12409,CA,CAN,124,,,Prince Edward Island,Canada,46.5107,-63.4168,"Prince Edward Island, Canada",2022-05-28,All,384503,243113
12410,CA,CAN,124,,,Quebec,Canada,52.9399,-73.5491,"Quebec, Canada",2022-05-28,All,20196654,236559
12411,CA,CAN,124,,,Saskatchewan,Canada,52.9399,-106.4509,"Saskatchewan, Canada",2022-05-28,All,2488443,210587
12412,CA,CAN,124,,,Yukon,Canada,64.2823,-135.0,"Yukon, Canada",2022-05-28,All,92155,224341
140,CF,CAF,140,,,,Central African Republic,6.6111,20.9394,Central African Republic,2022-05-28,All,1185512,24545
148,TD,TCD,148,,,,Chad,15.4542,18.7322,Chad,2022-05-28,All,2352921,14324
152,CL,CHL,152,,,,Chile,-35.6751,-71.543,Chile,2022-05-28,All,56137553,293664
156,CN,CHN,156,,,,China,30.5928,114.3055,China,2022-05-28,All,3442312826,245060
344,HK,HKG,344,,,Hong Kong,China,22.3,114.2,"Hong Kong, China",2022-05-28,All,16920377,225695
446,MO,MAC,446,,,Macau,China,22.1667,113.55,"Macau, China",2022-05-28,All,1404986,216370
170,CO,COL,170,,,,Colombia,4.5709,-74.2973,Colombia,2022-05-28,All,85035793,167120
17001,CO,COL,170,,,Amazonas,Colombia,-1.4429,-71.5724,"Amazonas, Colombia",2022-05-28,All,134260,175299
17002,CO,COL,170,,,Antioquia,Colombia,7.1986,-75.3412,"Antioquia, Colombia",2022-05-28,All,11965456,186753
17003,CO,COL,170,,,Arauca,Colombia,7.0762,-70.7105,"Arauca, Colombia",2022-05-28,All,399563,152403
17004,CO,COL,170,,,Atlantico,Colombia,10.6966,-74.8741,"Atlantico, Colombia",2022-05-28,All,4835184,190698
17005,CO,COL,170,,,Bolivar,Colombia,8.6704,-74.03,"Bolivar, Colombia",2022-05-28,All,3628037,175258
17006,CO,COL,170,,,Boyaca,Colombia,5.4545,-73.362,"Boyaca, Colombia",2022-05-28,All,2333432,191677
17007,CO,COL,170,,,Caldas,Colombia,5.2983,-75.2479,"Caldas, Colombia",2022-05-28,All,1785001,178812
17008,CO,COL,170,,,Capital District,Colombia,4.711,-74.0721,"Capital District, Colombia",2022-05-28,All,15051916,203059
17009,CO,COL,170,,,Caqueta,Colombia,0.8699,-73.8419,"Caqueta, Colombia",2022-05-28,All,480616,119708
17010,CO,COL,170,,,Casanare,Colombia,5.7589,-71.5724,"Casanare, Colombia",2022-05-28,All,706682,168055
17011,CO,COL,170,,,Cauca,Colombia,2.705,-76.82600000000001,"Cauca, Colombia",2022-05-28,All,1486949,101533
17012,CO,COL,170,,,Cesar,Colombia,9.3373,-73.6536,"Cesar, Colombia",2022-05-28,All,1802263,150116
17013,CO,COL,170,,,Choco,Colombia,5.2528,-76.82600000000001,"Choco, Colombia",2022-05-28,All,445409,83281
17014,CO,COL,170,,,Cordoba,Colombia,8.0493,-75.574,"Cordoba, Colombia",2022-05-28,All,2595835,145442
17015,CO,COL,170,,,Cundinamarca,Colombia,5.026,-74.03,"Cundinamarca, Colombia",2022-05-28,All,5207919,178410
17016,CO,COL,170,,,Guainia,Colombia,2.5854,-68.5247,"Guainia, Colombia",2022-05-28,All,51151,106312
17017,CO,COL,170,,,Guaviare,Colombia,1.0654,-73.2603,"Guaviare, Colombia",2022-05-28,All,114314,138115
17018,CO,COL,170,,,Huila,Colombia,2.5359,-75.5277,"Huila, Colombia",2022-05-28,All,1733256,157513
17019,CO,COL,170,,,La Guajira,Colombia,11.3548,-72.5205,"La Guajira, Colombia",2022-05-28,All,1258439,142913
17020,CO,COL,170,,,Magdalena,Colombia,10.4113,-74.4057,"Magdalena, Colombia",2022-05-28,All,2166266,161451
17021,CO,COL,170,,,Meta,Colombia,3.272,-73.0877,"Meta, Colombia",2022-05-28,All,1522931,146474
17022,CO,COL,170,,,Narino,Colombia,1.2892,-77.3579,"Narino, Colombia",2022-05-28,All,2358427,144636
17023,CO,COL,170,,,Norte de Santander,Colombia,7.9463,-72.8988,"Norte de Santander, Colombia",2022-05-28,All,2518238,168817
17024,CO,COL,170,,,Putumayo,Colombia,0.436,-75.5277,"Putumayo, Colombia",2022-05-28,All,338458,97207
17025,CO,COL,170,,,Quindio,Colombia,4.461,-75.6674,"Quindio, Colombia",2022-05-28,All,1041393,192884
17026,CO,COL,170,,,Risaralda,Colombia,5.3158,-75.9928,"Risaralda, Colombia",2022-05-28,All,1741043,184549
17027,CO,COL,170,,,San Andres y Providencia,Colombia,12.5567,-81.7185,"San Andres y Providencia, Colombia",2022-05-28,All,130129,212351
17028,CO,COL,170,,,Santander,Colombia,6.6437,-73.6536,"Santander, Colombia",2022-05-28,All,3796951,173786
17029,CO,COL,170,,,Sucre,Colombia,8.814,-74.7233,"Sucre, Colombia",2022-05-28,All,1489770,164640
17030,CO,COL,170,,,Tolima,Colombia,4.0925,-75.1545,"Tolima, Colombia",2022-05-28,All,2429499,182643
17034,CO,COL,170,,,Unknown,Colombia,,,"Unknown, Colombia",2022-05-28,All,1418661,
17031,CO,COL,170,,,Valle del Cauca,Colombia,3.8009,-76.6413,"Valle del Cauca, Colombia",2022-05-28,All,7337291,163929
17032,CO,COL,170,,,Vaupes,Colombia,0.8554,-70.812,"Vaupes, Colombia",2022-05-28,All,38803,95112
17033,CO,COL,170,,,Vichada,Colombia,4.4234,-69.2878,"Vichada, Colombia",2022-05-28,All,83238,77209
174,KM,COM,174,,,,Comoros,-11.6455,43.3333,Comoros,2022-05-28,All,642520,73887
178,CG,COG,178,,,,Congo (Brazzaville),-0.228,15.8277,Congo (Brazzaville),2022-05-28,All,830379,15048
180,CD,COD,180,,,,Congo (Kinshasa),-4.0383,21.7587,Congo (Kinshasa),2022-05-28,All,1143186,1276
188,CR,CRI,188,,,,Costa Rica,9.7489,-83.7534,Costa Rica,2022-05-28,All,11017624,216281
384,CI,CIV,384,,,,Cote d'Ivoire,7.54,-5.5471,Cote d'Ivoire,2022-05-28,All,12387947,46962
191,HR,HRV,191,,,,Croatia,45.1,15.2,Croatia,2022-05-28,All,5252439,127943
192,CU,CUB,192,,,,Cuba,21.521757,-77.78116700000001,Cuba,2022-05-28,All,36724691,324233
196,CY,CYP,196,,,,Cyprus,35.1264,33.4299,Cyprus,2022-05-28,All,1784616,147811
203,CZ,CZE,203,,,,Czechia,49.8175,15.473,Czechia,2022-05-28,All,17631401,164641
20301,CZ,CZE,203,,,Jihocesky,Czechia,48.9458,14.4416,"Jihocesky, Czechia",2022-05-28,All,1063677,166861
20302,CZ,CZE,203,,,Jihomoravsky,Czechia,48.9545,16.7677,"Jihomoravsky, Czechia",2022-05-28,All,1970819,168476
20303,CZ,CZE,203,,,Karlovarsky,Czechia,50.2319,12.872,"Karlovarsky, Czechia",2022-05-28,All,467087,159246
20304,CZ,CZE,203,,,Kralovehradecky,Czechia,50.2104,15.8252,"Kralovehradecky, Czechia",2022-05-28,All,908724,163532
20305,CZ,CZE,203,,,Liberecky,Czechia,50.7663,15.0543,"Liberecky, Czechia",2022-05-28,All,697614,158815
20306,CZ,CZE,203,,,Moravskoslezsky,Czechia,49.7305,18.2333,"Moravskoslezsky, Czechia",2022-05-28,All,1788631,144707
20307,CZ,CZE,203,,,Olomoucky,Czechia,49.6587,17.0811,"Olomoucky, Czechia",2022-05-28,All,918066,143459
20308,CZ,CZE,203,,,Pardubicky,Czechia,49.9444,16.2857,"Pardubicky, Czechia",2022-05-28,All,799794,158285
20309,CZ,CZE,203,,,Plzensky,Czechia,49.4135,13.3157,"Plzensky, Czechia",2022-05-28,All,964573,163199
20310,CZ,CZE,203,,,Prague,Czechia,50.07365,14.4185,"Prague, Czechia",2022-05-28,All,3238046,254425
20311,CZ,CZE,203,,,Stredocesky,Czechia,49.8782,14.9363,"Stredocesky, Czechia",2022-05-28,All,1882083,147656
20315,CZ,CZE,203,,,Unknown,Czechia,,,"Unknown, Czechia",2022-05-28,All,0,0
20312,CZ,CZE,203,,,Ustecky,Czechia,50.6611,14.0531,"Ustecky, Czechia",2022-05-28,All,1261255,151890
20313,CZ,CZE,203,,,Vysocina,Czechia,49.8175,15.473,"Vysocina, Czechia",2022-05-28,All,802383,156493
20314,CZ,CZE,203,,,Zlinsky,Czechia,49.2244,17.6628,"Zlinsky, Czechia",2022-05-28,All,868649,147114
208,DK,DNK,208,,,,Denmark,56.2639,9.5018,Denmark,2022-05-28,All,13216017,228113
234,FO,FRO,234,,,Faroe Islands,Denmark,61.8926,-6.9118,"Faroe Islands, Denmark",2022-05-28,All,103894,212614
304,GL,GRL,304,,,Greenland,Denmark,71.7069,-42.6043,"Greenland, Denmark",2022-05-28,All,79745,140465
262,DJ,DJI,262,,,,Djibouti,11.8251,42.5903,Djibouti,2022-05-28,All,191649,19397
212,DM,DMA,212,,,,Dominica,15.415,-61.371,Dominica,2022-05-28,All,66709,92662
214,DO,DOM,214,,,,Dominican Republic,18.7357,-70.1627,Dominican Republic,2022-05-28,All,15657935,144340
218,EC,ECU,218,,,,Ecuador,-1.8312,-78.1834,Ecuador,2022-05-28,All,34927182,197965
818,EG,EGY,818,,,,Egypt,26.820553000000004,30.802498,Egypt,2022-05-28,All,82907695,81016
222,SV,SLV,222,,,,El Salvador,13.7942,-88.8965,El Salvador,2022-05-28,All,10808378,166636
226,GQ,GNQ,226,,,,Equatorial Guinea,1.6508,10.2679,Equatorial Guinea,2022-05-28,All,480000,34212
233,EE,EST,233,,,,Estonia,58.5953,25.0136,Estonia,2022-05-28,All,1988667,149913
23301,EE,EST,233,,,Harju,Estonia,59.3334,25.2467,"Harju, Estonia",2022-05-28,All,880037,145453
23302,EE,EST,233,,,Hiiu,Estonia,58.924,22.5919,"Hiiu, Estonia",2022-05-28,All,18167,195029
23303,EE,EST,233,,,Ida-Viru,Estonia,59.2593,27.4137,"Ida-Viru, Estonia",2022-05-28,All,162028,120683
23304,EE,EST,233,,,Jarva,Estonia,58.8867,25.5001,"Jarva, Estonia",2022-05-28,All,46143,152923
23305,EE,EST,233,,,Jogeva,Estonia,58.7506,26.3605,"Jogeva, Estonia",2022-05-28,All,45587,160280
23306,EE,EST,233,,,Laane,Estonia,58.9723,23.8741,"Laane, Estonia",2022-05-28,All,32152,157268
23307,EE,EST,233,,,Laane-Viru,Estonia,59.3019,26.328,"Laane-Viru, Estonia",2022-05-28,All,88950,151116
23308,EE,EST,233,,,Parnu,Estonia,58.5262,24.402,"Parnu, Estonia",2022-05-28,All,119559,138723
23309,EE,EST,233,,,Polva,Estonia,58.1161,27.2066,"Polva, Estonia",2022-05-28,All,36433,147819
23310,EE,EST,233,,,Rapla,Estonia,58.8493,24.7347,"Rapla, Estonia",2022-05-28,All,49261,148010
23311,EE,EST,233,,,Saare,Estonia,58.485,22.6136,"Saare, Estonia",2022-05-28,All,51722,156340
23312,EE,EST,233,,,Tartu,Estonia,58.4057,26.8016,"Tartu, Estonia",2022-05-28,All,256767,167474
23316,EE,EST,233,,,Unknown,Estonia,,,"Unknown, Estonia",2022-05-28,All,45385,
23313,EE,EST,233,,,Valga,Estonia,57.9103,26.1602,"Valga, Estonia",2022-05-28,All,38240,135583
23314,EE,EST,233,,,Viljandi,Estonia,58.2822,25.5752,"Viljandi, Estonia",2022-05-28,All,70764,153298
23315,EE,EST,233,,,Voru,Estonia,57.7377,27.1399,"Voru, Estonia",2022-05-28,All,47472,134044
748,SZ,SWZ,748,,,,Eswatini,-26.5225,31.4659,Eswatini,2022-05-28,All,535393,46148
231,ET,ETH,231,,,,Ethiopia,9.145,40.4897,Ethiopia,2022-05-28,All,29373478,25550
242,FJ,FJI,242,,,,Fiji,-17.7134,178.065,Fiji,2022-05-28,All,1467187,163667
246,FI,FIN,246,,,,Finland,61.92411,25.748151,Finland,2022-05-28,All,12044032,217373
250,FR,FRA,250,,,,France,46.2276,2.2137,France,2022-05-28,All,147595541,226118
25001,FR,FRA,250,,,Auvergne-Rhone Alps,France,4.0,-53.0,"Auvergne-Rhone Alps, France",2022-05-28,All,16530972,
25003,FR,FRA,250,,,Brittany,France,4.0,-53.0,"Brittany, France",2022-05-28,All,7805649,
25002,FR,FRA,250,,,Burgundy-Free County,France,4.0,-53.0,"Burgundy-Free County, France",2022-05-28,All,5920294,
25004,FR,FRA,250,,,Centre-Loire Valley,France,4.0,-53.0,"Centre-Loire Valley, France",2022-05-28,All,5685750,
25005,FR,FRA,250,,,Corsica,France,4.0,-53.0,"Corsica, France",2022-05-28,All,636317,
254,GF,GUF,254,,,French Guiana,France,4.0,-53.0,"French Guiana, France",2022-05-28,All,229956,76990
258,PF,PYF,258,,,French Polynesia,France,-17.6797,-149.4068,"French Polynesia, France",2022-05-28,All,451950,160891
25006,FR,FRA,250,,,Great East,France,4.0,-53.0,"Great East, France",2022-05-28,All,11666546,
312,GP,GLP,312,,,Guadeloupe,France,16.265,-61.551,"Guadeloupe, France",2022-05-28,All,376479,94089
25007,FR,FRA,250,,,Island of France,France,4.0,-53.0,"Island of France, France",2022-05-28,All,24452525,
25008,FR,FRA,250,,,Loire Countries,France,4.0,-53.0,"Loire Countries, France",2022-05-28,All,8595779,
474,MQ,MTQ,474,,,Martinique,France,14.6415,-61.0242,"Martinique, France",2022-05-28,All,382889,102031
25009,FR,FRA,250,,,New Aquitaine,France,4.0,-53.0,"New Aquitaine, France",2022-05-28,All,13551361,
540,NC,NCL,540,,,New Caledonia,France,-20.904305,165.618042,"New Caledonia, France",2022-05-28,All,460894,161439
25010,FR,FRA,250,,,Normandy,France,4.0,-53.0,"Normandy, France",2022-05-28,All,7474672,
25011,FR,FRA,250,,,Occitania,France,4.0,-53.0,"Occitania, France",2022-05-28,All,12464501,
25012,FR,FRA,250,,,Provence-Alps-Azure Coast,France,4.0,-53.0,"Provence-Alps-Azure Coast, France",2022-05-28,All,10157539,
25013,FR,FRA,250,,,Unknown,France,,,"Unknown, France",2022-05-28,All,6170726,
25012,FR,FRA,250,,,Upper France,France,4.0,-53.0,"Upper France, France",2022-05-28,All,12741543,
876,WF,WLF,876,,,Wallis and Futuna,France,-14.2938,-178.1165,"Wallis and Futuna, France",2022-05-28,All,16426,107436
266,GA,GAB,266,,,,Gabon,-0.8037,11.6094,Gabon,2022-05-28,All,558456,25090
270,GM,GMB,270,,,,Gambia,13.4432,-15.3101,Gambia,2022-05-28,All,363353,15035
268,GE,GEO,268,,,,Georgia,42.3154,43.3569,Georgia,2022-05-28,All,2891402,72481
276,DE,DEU,276,,,,Germany,51.165691,10.451526,Germany,2022-05-28,All,179951244,214780
27601,DE,DEU,276,,,Baden-Wurttemberg,Germany,48.6616,9.3501,"Baden-Wurttemberg, Germany",2022-05-28,All,23146479,209100
27602,DE,DEU,276,,,Bayern,Germany,48.7904,11.4979,"Bayern, Germany",2022-05-28,All,27355450,209191
27603,DE,DEU,276,,,Berlin,Germany,52.52,13.405,"Berlin, Germany",2022-05-28,All,8116165,222676
27604,DE,DEU,276,,,Brandenburg,Germany,52.4125,12.5316,"Brandenburg, Germany",2022-05-28,All,4839697,192669
27605,DE,DEU,276,,,Bremen,Germany,53.0793,8.8017,"Bremen, Germany",2022-05-28,All,1699466,248828
27606,DE,DEU,276,,,Hamburg,Germany,53.5511,9.9937,"Hamburg, Germany",2022-05-28,All,4359695,236788
27607,DE,DEU,276,,,Hessen,Germany,50.6521,9.1624,"Hessen, Germany",2022-05-28,All,13374274,213448
27608,DE,DEU,276,,,Mecklenburg-Vorpommern,Germany,53.6127,12.4296,"Mecklenburg-Vorpommern, Germany",2022-05-28,All,3393992,210849
27609,DE,DEU,276,,,Niedersachsen,Germany,52.6367,9.8451,"Niedersachsen, Germany",2022-05-28,All,18113198,226912
27610,DE,DEU,276,,,Nordrhein-Westfalen,Germany,51.4332,7.6616,"Nordrhein-Westfalen, Germany",2022-05-28,All,41003549,228653
27611,DE,DEU,276,,,Rheinland-Pfalz,Germany,50.1183,7.309,"Rheinland-Pfalz, Germany",2022-05-28,All,8922488,218429
27612,DE,DEU,276,,,Saarland,Germany,49.3964,7.023,"Saarland, Germany",2022-05-28,All,2316313,233850
27613,DE,DEU,276,,,Sachsen,Germany,51.1045,13.2017,"Sachsen, Germany",2022-05-28,All,7289339,178750
27614,DE,DEU,276,,,Sachsen-Anhalt,Germany,51.9503,11.6923,"Sachsen-Anhalt, Germany",2022-05-28,All,4425960,200421
27615,DE,DEU,276,,,Schleswig-Holstein,Germany,54.2194,9.6961,"Schleswig-Holstein, Germany",2022-05-28,All,6972505,240704
27616,DE,DEU,276,,,Thuringen,Germany,51.011,10.8453,"Thuringen, Germany",2022-05-28,All,4088489,190770
27617,DE,DEU,276,,,Unknown,Germany,,,"Unknown, Germany",2022-05-28,All,0,0
288,GH,GHA,288,,,,Ghana,7.9465,-1.0232,Ghana,2022-05-28,All,16122862,51887
300,GR,GRC,300,,,,Greece,39.0742,21.8243,Greece,2022-05-28,All,21043225,201891
308,GD,GRD,308,,,,Grenada,12.1165,-61.679,Grenada,2022-05-28,All,88604,78745
320,GT,GTM,320,,,,Guatemala,15.7835,-90.2308,Guatemala,2022-05-28,All,17459092,97452
324,GN,GIN,324,,,,Guinea,9.9456,-9.6966,Guinea,2022-05-28,All,6127699,46659
624,GW,GNB,624,,,,Guinea-Bissau,11.8037,-15.1804,Guinea-Bissau,2022-05-28,All,562620,28588
328,GY,GUY,328,,,,Guyana,4.860416000000001,-58.93018000000001,Guyana,2022-05-28,All,905748,115153
332,HT,HTI,332,,,,Haiti,18.9712,-72.2852,Haiti,2022-05-28,All,280729,2461
340,HN,HND,340,,,,Honduras,15.2,-86.2419,Honduras,2022-05-28,All,13927995,140621
348,HU,HUN,348,,,,Hungary,47.1625,19.5033,Hungary,2022-05-28,All,16530488,171116
352,IS,ISL,352,,,,Iceland,64.9631,-19.0208,Iceland,2022-05-28,All,812060,237966
356,IN,IND,356,,,,India,20.593684,78.96288,India,2022-05-28,All,1932799233,140057
35601,IN,IND,356,,,Andaman and Nicobar Islands,India,11.225999,92.968178,"Andaman and Nicobar Islands, India",2022-05-28,All,706891,169503
35602,IN,IND,356,,,Andhra Pradesh,India,15.9129,79.74,"Andhra Pradesh, India",2022-05-28,All,95477275,177126
35603,IN,IND,356,,,Arunachal Pradesh,India,27.768456,96.384277,"Arunachal Pradesh, India",2022-05-28,All,1703823,108492
35604,IN,IND,356,,,Assam,India,26.357149,92.830441,"Assam, India",2022-05-28,All,45336030,127323
35605,IN,IND,356,,,Bihar,India,25.679658,85.60484,"Bihar, India",2022-05-28,All,132175844,105910
35606,IN,IND,356,,,Chandigarh,India,30.733839,76.76827800000001,"Chandigarh, India",2022-05-28,All,2173762,187640
35607,IN,IND,356,,,Chhattisgarh,India,21.264705,82.035366,"Chhattisgarh, India",2022-05-28,All,39504217,134202
35608,IN,IND,356,,,Dadra and Nagar Haveli and Daman and Diu,India,20.194742,73.080901,"Dadra and Nagar Haveli and Daman and Diu, India",2022-05-28,All,1409931,228987
35609,IN,IND,356,,,Delhi,India,28.646519,77.10898,"Delhi, India",2022-05-28,All,34219168,182883
35610,IN,IND,356,,,Goa,India,15.359682,74.057396,"Goa, India",2022-05-28,All,2756784,173792
35611,IN,IND,356,,,Gujarat,India,22.694884,71.590923,"Gujarat, India",2022-05-28,All,109902251,172065
35612,IN,IND,356,,,Haryana,India,29.20004,76.332824,"Haryana, India",2022-05-28,All,43432391,153989
35613,IN,IND,356,,,Himachal Pradesh,India,31.927213,77.233081,"Himachal Pradesh, India",2022-05-28,All,13106416,175878
35614,IN,IND,356,,,Jammu and Kashmir,India,33.75943,76.612638,"Jammu and Kashmir, India",2022-05-28,All,23042815,169353
35615,IN,IND,356,,,Jharkhand,India,23.654536,85.557631,"Jharkhand, India",2022-05-28,All,40103689,103911
35616,IN,IND,356,,,Karnataka,India,14.70518,76.166436,"Karnataka, India",2022-05-28,All,108498979,160590
35617,IN,IND,356,,,Kerala,India,10.450898,76.405749,"Kerala, India",2022-05-28,All,55039553,154174
35618,IN,IND,356,,,Ladakh,India,34.1526,77.5771,"Ladakh, India",2022-05-28,All,489234,178364
35637,IN,IND,356,,,Lakshadweep,India,13.6999972,72.18333259999999,"Lakshadweep, India",2022-05-28,All,123979,192427
35619,IN,IND,356,,,Madhya Pradesh,India,23.541513,78.289633,"Madhya Pradesh, India",2022-05-28,All,118930777,139330
35620,IN,IND,356,,,Maharashtra,India,19.449759,76.108221,"Maharashtra, India",2022-05-28,All,166693144,135364
35621,IN,IND,356,,,Manipur,India,24.738975,93.882541,"Manipur, India",2022-05-28,All,2894770,93635
35622,IN,IND,356,,,Meghalaya,India,25.536934,91.278882,"Meghalaya, India",2022-05-28,All,2499971,74255
35623,IN,IND,356,,,Mizoram,India,23.309381,92.83822,"Mizoram, India",2022-05-28,All,1622847,130954
35624,IN,IND,356,,,Nagaland,India,26.06702,94.470302,"Nagaland, India",2022-05-28,All,1658563,73723
35625,IN,IND,356,,,Odisha,India,20.505428,84.418059,"Odisha, India",2022-05-28,All,67234594,145038
35626,IN,IND,356,,,Puducherry,India,11.882658,78.86498,"Puducherry, India",2022-05-28,All,1707534,120798
35627,IN,IND,356,,,Punjab,India,30.841465000000003,75.40879,"Punjab, India",2022-05-28,All,43775956,145235
35628,IN,IND,356,,,Rajasthan,India,26.583423,73.847973,"Rajasthan, India",2022-05-28,All,106375905,131275
35629,IN,IND,356,,,Sikkim,India,27.571671,88.472712,"Sikkim, India",2022-05-28,All,1166328,168971
35630,IN,IND,356,,,Tamil Nadu,India,11.006091,78.400624,"Tamil Nadu, India",2022-05-28,All,110414583,141845
35631,IN,IND,356,,,Telangana,India,18.1124,79.0193,"Telangana, India",2022-05-28,All,63434042,161152
35632,IN,IND,356,,,Tripura,India,23.746783,91.743565,"Tripura, India",2022-05-28,All,5391438,129297
35636,IN,IND,356,,,Unknown,India,,,"Unknown, India",2022-05-28,All,5206824,
35633,IN,IND,356,,,Uttar Pradesh,India,26.925425,80.560982,"Uttar Pradesh, India",2022-05-28,All,326441045,137227
35634,IN,IND,356,,,Uttarakhand,India,30.156447,79.197608,"Uttarakhand, India",2022-05-28,All,17952681,159567
35635,IN,IND,356,,,West Bengal,India,23.814082,87.979803,"West Bengal, India",2022-05-28,All,140195199,140745
360,ID,IDN,360,,,,Indonesia,-0.7893,113.9213,Indonesia,2022-05-28,All,401308016,146717
360001,ID,IDN,360,,,Aceh,Indonesia,4.6951,96.7494,"Aceh, Indonesia",2022-05-28,All,7533287,142814
360002,ID,IDN,360,,,Bali,Indonesia,-8.3405,115.092,"Bali, Indonesia",2022-05-28,All,9412762,218019
360003,ID,IDN,360,,,Bangka Belitung Islands,Indonesia,-2.7411,106.4406,"Bangka Belitung Islands, Indonesia",2022-05-28,All,2196321,150879
360004,ID,IDN,360,,,Banten,Indonesia,-2.7411,106.4406,"Banten, Indonesia",2022-05-28,All,17439847,146497
360005,ID,IDN,360,,,Bengkulu,Indonesia,-3.7928,102.2608,"Bengkulu, Indonesia",2022-05-28,All,2748821,136711
360006,ID,IDN,360,,,Central Java,Indonesia,-7.151,110.1403,"Central Java, Indonesia",2022-05-28,All,55533913,152080
360007,ID,IDN,360,,,Central Kalimantan,Indonesia,-1.6815,113.3824,"Central Kalimantan, Indonesia",2022-05-28,All,3992759,149543
360008,ID,IDN,360,,,Central Sulawesi,Indonesia,-1.43,121.4456,"Central Sulawesi, Indonesia",2022-05-28,All,3207095,107413
360009,ID,IDN,360,,,East Java,Indonesia,-7.5361,112.2384,"East Java, Indonesia",2022-05-28,All,59157994,145473
360010,ID,IDN,360,,,East Kalimantan,Indonesia,0.5387,116.4194,"East Kalimantan, Indonesia",2022-05-28,All,6024163,159960
360011,ID,IDN,360,,,East Nusa Tenggara,Indonesia,-8.6574,121.0794,"East Nusa Tenggara, Indonesia",2022-05-28,All,6457365,121252
360012,ID,IDN,360,,,Gorontalo,Indonesia,0.5435,123.0568,"Gorontalo, Indonesia",2022-05-28,All,1580227,134868
360014,ID,IDN,360,,,Jambi,Indonesia,-1.6101,103.6131,"Jambi, Indonesia",2022-05-28,All,4957173,139708
360015,ID,IDN,360,,,Lampung,Indonesia,-4.5586,105.4068,"Lampung, Indonesia",2022-05-28,All,11469560,127328
360016,ID,IDN,360,,,Maluku,Indonesia,-3.2385,130.1453,"Maluku, Indonesia",2022-05-28,All,1762072,95302
360017,ID,IDN,360,,,North Kalimantan,Indonesia,3.0731,116.0414,"North Kalimantan, Indonesia",2022-05-28,All,1046472,149109
360018,ID,IDN,360,,,North Maluku,Indonesia,1.571,127.8088,"North Maluku, Indonesia",2022-05-28,All,1367943,106625
360019,ID,IDN,360,,,North Sulawesi,Indonesia,0.6247,123.975,"North Sulawesi, Indonesia",2022-05-28,All,3483892,132875
360020,ID,IDN,360,,,North Sumatra,Indonesia,2.1154,99.5451,"North Sumatra, Indonesia",2022-05-28,All,22052295,149008
360021,ID,IDN,360,,,Papua,Indonesia,-4.2699,138.0804,"Papua, Indonesia",2022-05-28,All,1693352,39346
360022,ID,IDN,360,,,Riau,Indonesia,0.2933,101.7068,"Riau, Indonesia",2022-05-28,All,9224909,144272
360023,ID,IDN,360,,,Riau Islands,Indonesia,3.9457,108.1429,"Riau Islands, Indonesia",2022-05-28,All,3816802,184872
360025,ID,IDN,360,,,South Kalimantan,Indonesia,-3.0926,115.2838,"South Kalimantan, Indonesia",2022-05-28,All,5654705,138814
360026,ID,IDN,360,,,South Sulawesi,Indonesia,-3.6688,119.9741,"South Sulawesi, Indonesia",2022-05-28,All,11216492,123618
360027,ID,IDN,360,,,South Sumatra,Indonesia,-3.3194,103.9144,"South Sumatra, Indonesia",2022-05-28,All,11397348,134602
360024,ID,IDN,360,,,Southeast Sulawesi,Indonesia,-1.8479,120.5279,"Southeast Sulawesi, Indonesia",2022-05-28,All,3134675,119421
360013,ID,IDN,360,,,Special Capital Region of Jakarta,Indonesia,-6.2088,106.8456,"Special Capital Region of Jakarta, Indonesia",2022-05-28,All,26828537,254007
360034,ID,IDN,360,,,Special Region of Yogyakarta,Indonesia,-7.8754,110.4262,"Special Region of Yogyakarta, Indonesia",2022-05-28,All,7064917,192571
360035,ID,IDN,360,,,Unknown,Indonesia,,,"Unknown, Indonesia",2022-05-28,All,103,
360028,ID,IDN,360,,,West Java,Indonesia,-7.0909,107.6689,"West Java, Indonesia",2022-05-28,All,75355509,156099
360029,ID,IDN,360,,,West Kalimantan,Indonesia,-0.2788,111.4753,"West Kalimantan, Indonesia",2022-05-28,All,6444109,119018
360030,ID,IDN,360,,,West Nusa Tenggara,Indonesia,-8.6529,117.3616,"West Nusa Tenggara, Indonesia",2022-05-28,All,7660060,143983
360031,ID,IDN,360,,,West Papua,Indonesia,-1.3361,133.1747,"West Papua, Indonesia",2022-05-28,All,931099,82102
360032,ID,IDN,360,,,West Sulawesi,Indonesia,-2.8441,119.2321,"West Sulawesi, Indonesia",2022-05-28,All,1487803,104831
360033,ID,IDN,360,,,West Sumatra,Indonesia,-0.7399,100.8,"West Sumatra, Indonesia",2022-05-28,All,7683030,138821
364,IR,IRN,364,,,,Iran,32.427908,53.68804599999999,Iran,2022-05-28,All,149796958,178344
368,IQ,IRQ,368,,,,Iraq,33.223191,43.679291,Iraq,2022-05-28,All,18279217,45445
372,IE,IRL,372,,,,Ireland,53.1424,-7.6921,Ireland,2022-05-28,All,10969483,222153
376,IL,ISR,376,,,,Israel,31.046051,34.851612,Israel,2022-05-28,All,18153551,209733
388,JM,JAM,388,,,,Jamaica,18.1096,-77.2975,Jamaica,2022-05-28,All,1434773,48453
392,JP,JPN,392,,,,Japan,36.204824,138.252924,Japan,2022-05-28,All,279402397,220912
400,JO,JOR,400,,,,Jordan,31.24,36.51,Jordan,2022-05-28,All,9938176,97403
398,KZ,KAZ,398,,,,Kazakhstan,48.0196,66.9237,Kazakhstan,2022-05-28,All,18745826,99835
39801,KZ,KAZ,398,,,Aktobe,Kazakhstan,50.2839,57.167,"Aktobe, Kazakhstan",2022-05-28,All,791148,99261
39802,KZ,KAZ,398,,,Almaty,Kazakhstan,45.0119,78.4229,"Almaty, Kazakhstan",2022-05-28,All,2016924,97946
39803,KZ,KAZ,398,,,Almaty City,Kazakhstan,43.222,76.8512,"Almaty City, Kazakhstan",2022-05-28,All,2186355,110588
39804,KZ,KAZ,398,,,Aqmola,Kazakhstan,51.9165,69.411,"Aqmola, Kazakhstan",2022-05-28,All,704095,98474
39805,KZ,KAZ,398,,,Atyrau,Kazakhstan,47.0945,51.9238,"Atyrau, Kazakhstan",2022-05-28,All,532216,95655
39806,KZ,KAZ,398,,,East Kazakhstan,Kazakhstan,48.7063,80.7923,"East Kazakhstan, Kazakhstan",2022-05-28,All,1837686,134177
39807,KZ,KAZ,398,,,Jambyl,Kazakhstan,44.222,72.3658,"Jambyl, Kazakhstan",2022-05-28,All,1265049,118047
39808,KZ,KAZ,398,,,Mangystau,Kazakhstan,43.6895,51.3043,"Mangystau, Kazakhstan",2022-05-28,All,429097,71910
39809,KZ,KAZ,398,,,North Kazakhstan,Kazakhstan,54.1622,69.9387,"North Kazakhstan, Kazakhstan",2022-05-28,All,620629,107115
39810,KZ,KAZ,398,,,Nur-Sultan,Kazakhstan,51.1605,71.4704,"Nur-Sultan, Kazakhstan",2022-05-28,All,973762,85717
39811,KZ,KAZ,398,,,Pavlodar,Kazakhstan,52.2873,76.9674,"Pavlodar, Kazakhstan",2022-05-28,All,723797,95900
39812,KZ,KAZ,398,,,Qaraghandy,Kazakhstan,49.8047,73.1094,"Qaraghandy, Kazakhstan",2022-05-28,All,1303509,94535
39813,KZ,KAZ,398,,,Qostanay,Kazakhstan,53.2198,63.6354,"Qostanay, Kazakhstan",2022-05-28,All,709749,80382
39814,KZ,KAZ,398,,,Qyzylorda,Kazakhstan,44.6923,62.6572,"Qyzylorda, Kazakhstan",2022-05-28,All,853298,106724
39815,KZ,KAZ,398,,,Shymkent,Kazakhstan,42.3417,69.5901,"Shymkent, Kazakhstan",2022-05-28,All,1194959,99579
39816,KZ,KAZ,398,,,Turkistan,Kazakhstan,42.2663,68.1431,"Turkistan, Kazakhstan",2022-05-28,All,2092948,77949
39817,KZ,KAZ,398,,,West Kazakhstan,Kazakhstan,49.568,50.8067,"West Kazakhstan, Kazakhstan",2022-05-28,All,544971,82968
404,KE,KEN,404,,,,Kenya,-0.0236,37.9062,Kenya,2022-05-28,All,18246213,33933
296,KI,KIR,296,,,,Kiribati,-3.3704,-168.734,Kiribati,2022-05-28,All,151235,128594
410,KR,KOR,410,,,,"Korea, South",35.907757000000004,127.766922,"Korea, South",2022-05-28,All,125447145,244683
383,XK,XKS,383,,,,Kosovo,42.602636,20.902977,Kosovo,2022-05-28,All,1828962,101027
414,KW,KWT,414,,,,Kuwait,29.31166,47.481766,Kuwait,2022-05-28,All,8022755,187861
417,KG,KGZ,417,,,,Kyrgyzstan,41.20438,74.766098,Kyrgyzstan,2022-05-28,All,3095441,47445
418,LA,LAO,418,,,,Laos,19.85627,102.495496,Laos,2022-05-28,All,11130131,152979
428,LV,LVA,428,,,,Latvia,56.8796,24.6032,Latvia,2022-05-28,All,2889866,153210
426,LS,LSO,426,,,,Lesotho,-29.61,28.2336,Lesotho,2022-05-28,All,948906,44294
430,LR,LBR,430,,,,Liberia,6.4280550000000005,-9.429499,Liberia,2022-05-28,All,2201300,43523
434,LY,LBY,434,,,,Libya,26.3351,17.228331,Libya,2022-05-28,All,3460229,50357
438,LI,LIE,438,,,,Liechtenstein,47.14,9.55,Liechtenstein,2022-05-28,All,71104,186443
440,LT,LTU,440,,,,Lithuania,55.1694,23.8813,Lithuania,2022-05-28,All,4484661,164738
44001,LT,LTU,440,,,Alytus,Lithuania,,,"Alytus, Lithuania",2022-05-28,All,211914,
44002,LT,LTU,440,,,Kaunas,Lithuania,,,"Kaunas, Lithuania",2022-05-28,All,981189,
44003,LT,LTU,440,,,Klaipeda,Lithuania,,,"Klaipeda, Lithuania",2022-05-28,All,432234,
44004,LT,LTU,440,,,Marijampole,Lithuania,,,"Marijampole, Lithuania",2022-05-28,All,192772,
44005,LT,LTU,440,,,Panevezys,Lithuania,,,"Panevezys, Lithuania",2022-05-28,All,335382,
44006,LT,LTU,440,,,Siauliai,Lithuania,,,"Siauliai, Lithuania",2022-05-28,All,390005,
44007,LT,LTU,440,,,Taurage,Lithuania,,,"Taurage, Lithuania",2022-05-28,All,122479,
44008,LT,LTU,440,,,Telsiai,Lithuania,,,"Telsiai, Lithuania",2022-05-28,All,164287,
44011,LT,LTU,440,,,Unknown,Lithuania,,,"Unknown, Lithuania",2022-05-28,All,60853,
44009,LT,LTU,440,,,Utena,Lithuania,,,"Utena, Lithuania",2022-05-28,All,199070,
44010,LT,LTU,440,,,Vilnius,Lithuania,,,"Vilnius, Lithuania",2022-05-28,All,1455003,
442,LU,LUX,442,,,,Luxembourg,49.8153,6.1296,Luxembourg,2022-05-28,All,1295224,206912
450,MG,MDG,450,,,,Madagascar,-18.766947,46.869107,Madagascar,2022-05-28,All,2369775,8557
454,MW,MWI,454,,,,Malawi,-13.2543,34.3015,Malawi,2022-05-28,All,1993981,10423
458,MY,MYS,458,,,,Malaysia,4.210483999999999,101.975766,Malaysia,2022-05-28,All,70877636,218987
45801,MY,MYS,458,,,Johor,Malaysia,1.4854,103.7618,"Johor, Malaysia",2022-05-28,All,8696575,230788
45802,MY,MYS,458,,,Kedah,Malaysia,6.1184,100.3685,"Kedah, Malaysia",2022-05-28,All,4058036,185646
45803,MY,MYS,458,,,Kelantan,Malaysia,6.1254,102.2381,"Kelantan, Malaysia",2022-05-28,All,2782082,147028
45804,MY,MYS,458,,,Melaka,Malaysia,2.1896,102.2501,"Melaka, Malaysia",2022-05-28,All,2096379,224764
45805,MY,MYS,458,,,Negeri Sembilan,Malaysia,2.7258,101.9424,"Negeri Sembilan, Malaysia",2022-05-28,All,2686107,237267
45806,MY,MYS,458,,,Pahang,Malaysia,3.8126,103.3256,"Pahang, Malaysia",2022-05-28,All,3121672,186135
45807,MY,MYS,458,,,Perak,Malaysia,4.5921,101.0901,"Perak, Malaysia",2022-05-28,All,5112123,203321
45808,MY,MYS,458,,,Perlis,Malaysia,6.4449,100.2048,"Perlis, Malaysia",2022-05-28,All,506769,199045
45809,MY,MYS,458,,,Pulau Pinang,Malaysia,5.4164,100.3327,"Pulau Pinang, Malaysia",2022-05-28,All,4302670,242049
45810,MY,MYS,458,,,Sabah,Malaysia,5.9788,116.0753,"Sabah, Malaysia",2022-05-28,All,5879502,150575
45811,MY,MYS,458,,,Sarawak,Malaysia,1.5533,110.3592,"Sarawak, Malaysia",2022-05-28,All,6383745,226526
45812,MY,MYS,458,,,Selangor,Malaysia,3.0738,101.5183,"Selangor, Malaysia",2022-05-28,All,14336834,219153
45813,MY,MYS,458,,,Terengganu,Malaysia,5.3117,103.1324,"Terengganu, Malaysia",2022-05-28,All,2184940,174781
45817,MY,MYS,458,,,Unknown,Malaysia,,,"Unknown, Malaysia",2022-05-28,All,0,0
45814,MY,MYS,458,,,W.P. Kuala Lumpur,Malaysia,3.139,101.6869,"W.P. Kuala Lumpur, Malaysia",2022-05-28,All,8099435,455433
45815,MY,MYS,458,,,W.P. Labuan,Malaysia,5.2831,115.2308,"W.P. Labuan, Malaysia",2022-05-28,All,222914,224259
45816,MY,MYS,458,,,W.P. Putrajaya,Malaysia,2.9264,101.6964,"W.P. Putrajaya, Malaysia",2022-05-28,All,407853,386957
462,MV,MDV,462,,,,Maldives,3.2028,73.2207,Maldives,2022-05-28,All,942138,174295
466,ML,MLI,466,,,,Mali,17.570692,-3.996166000000001,Mali,2022-05-28,All,2115108,10444
470,MT,MLT,470,,,,Malta,35.9375,14.3754,Malta,2022-05-28,All,1298522,294089
584,MH,MHL,584,,,,Marshall Islands,7.1315,171.1845,Marshall Islands,2022-05-28,All,70940,121445
478,MR,MRT,478,,,,Mauritania,21.0079,-10.9408,Mauritania,2022-05-28,All,2650000,56993
480,MU,MUS,480,,,,Mauritius,-20.348404,57.552152,Mauritius,2022-05-28,All,2698115,212154
484,MX,MEX,484,,,,Mexico,23.6345,-102.5528,Mexico,2022-05-28,All,208185593,162909
583,FM,FSM,583,,,,Micronesia,7.4256,150.5508,Micronesia,2022-05-28,All,134599,118261
498,MD,MDA,498,,,,Moldova,47.4116,28.3699,Moldova,2022-05-28,All,2181996,54090
492,MC,MCO,492,,,,Monaco,43.7333,7.4167,Monaco,2022-05-28,All,65140,165987
496,MN,MNG,496,,,,Mongolia,46.8625,103.8467,Mongolia,2022-05-28,All,5624765,171576
499,ME,MNE,499,,,,Montenegro,42.708678000000006,19.37439,Montenegro,2022-05-28,All,673713,107268
504,MA,MAR,504,,,,Morocco,31.7917,-7.0926,Morocco,2022-05-28,All,54595032,147911
508,MZ,MOZ,508,,,,Mozambique,-18.665695,35.529562,Mozambique,2022-05-28,All,31616078,101153
516,,NAM,516,,,,Namibia,-22.9576,18.4904,Namibia,2022-05-28,All,834756,32852
528,NL,NLD,528,,,,Netherlands,52.1326,5.2913,Netherlands,2022-05-28,All,36281590,211741
533,AW,ABW,533,,,Aruba,Netherlands,12.5211,-69.9683,"Aruba, Netherlands",2022-05-28,All,171064,160223
535,BQ,BES,535,,,"Bonaire, Sint Eustatius and Saba",Netherlands,12.1784,-68.2385,"Bonaire, Sint Eustatius and Saba, Netherlands",2022-05-28,All,57236,218283
531,CW,CUW,531,,,Curacao,Netherlands,12.1696,-68.99,"Curacao, Netherlands",2022-05-28,All,252892,154108
534,SX,SXM,534,,,Sint Maarten,Netherlands,18.0425,-63.0548,"Sint Maarten, Netherlands",2022-05-28,All,64217,149752
554,NZ,NZL,554,,,,New Zealand,-40.9006,174.886,New Zealand,2022-05-28,All,11079515,229759
184,CK,COK,184,,,Cook Islands,New Zealand,-21.2367,-159.7777,"Cook Islands, New Zealand",2022-05-28,All,39598,226805
558,NI,NIC,558,,,,Nicaragua,12.865416,-85.207229,Nicaragua,2022-05-28,All,10561352,159427
562,NE,NER,562,,,,Niger,17.607789,8.081666,Niger,2022-05-28,All,3726602,15394
566,NG,NGA,566,,,,Nigeria,9.082,8.6753,Nigeria,2022-05-28,All,43994555,21342
807,MK,MKD,807,,,,North Macedonia,41.6086,21.7453,North Macedonia,2022-05-28,All,1848141,88708
578,NO,NOR,578,,,,Norway,60.472,8.4689,Norway,2022-05-28,All,11322243,208849
512,OM,OMN,512,,,,Oman,21.512583,55.923255000000005,Oman,2022-05-28,All,7087785,138795
586,PK,PAK,586,,,,Pakistan,30.3753,69.3451,Pakistan,2022-05-28,All,255084275,115479
585,PW,PLW,8,,,,Palau,7.515,134.5825,Palau,2022-05-28,All,44526,247256
591,PA,PAN,591,,,,Panama,8.538,-80.7821,Panama,2022-05-28,All,8216856,190435
598,PG,PNG,598,,,,Papua New Guinea,-6.314993,143.95555,Papua New Guinea,2022-05-28,All,587340,6564
600,PY,PRY,600,,,,Paraguay,-23.4425,-58.4438,Paraguay,2022-05-28,All,8765455,122894
604,PE,PER,604,,,,Peru,-9.19,-75.0152,Peru,2022-05-28,All,70962769,209843
608,PH,PHL,608,,,,Philippines,12.879721,121.774017,Philippines,2022-05-28,All,151425774,138186
616,PL,POL,616,,,,Poland,51.9194,19.1451,Poland,2022-05-28,All,54488565,143972
61601,PL,POL,616,,,Dolnoslaskie,Poland,51.134,16.8842,"Dolnoslaskie, Poland",2022-05-28,All,4363468,150400
61602,PL,POL,616,,,Kujawsko-Pomorskie,Poland,53.1648,18.4834,"Kujawsko-Pomorskie, Poland",2022-05-28,All,2945543,141764
61605,PL,POL,616,,,Lodzkie,Poland,51.4635,19.1727,"Lodzkie, Poland",2022-05-28,All,3547882,143853
61603,PL,POL,616,,,Lubelskie,Poland,51.2494,23.1011,"Lubelskie, Poland",2022-05-28,All,2498903,118005
61604,PL,POL,616,,,Lubuskie,Poland,52.2275,15.2559,"Lubuskie, Poland",2022-05-28,All,1516806,149505
61606,PL,POL,616,,,Malopolskie,Poland,49.7225,20.2503,"Malopolskie, Poland",2022-05-28,All,4557283,134014
61607,PL,POL,616,,,Mazowieckie,Poland,51.8927,21.0022,"Mazowieckie, Poland",2022-05-28,All,8659066,160251
61608,PL,POL,616,,,Opolskie,Poland,50.8004,17.938,"Opolskie, Poland",2022-05-28,All,1269382,128674
61609,PL,POL,616,,,Podkarpackie,Poland,50.0575,22.0896,"Podkarpackie, Poland",2022-05-28,All,2224603,104489
61610,PL,POL,616,,,Podlaskie,Poland,53.0697,22.9675,"Podlaskie, Poland",2022-05-28,All,1520670,128703
61611,PL,POL,616,,,Pomorskie,Poland,54.2944,18.1531,"Pomorskie, Poland",2022-05-28,All,3619297,155100
61612,PL,POL,616,,,Slaskie,Poland,50.5717,19.322,"Slaskie, Poland",2022-05-28,All,6436008,141963
61613,PL,POL,616,,,Swietokrzyskie,Poland,50.6261,20.9406,"Swietokrzyskie, Poland",2022-05-28,All,1541286,124142
61617,PL,POL,616,,,Unknown,Poland,,,"Unknown, Poland",2022-05-28,All,15,
61614,PL,POL,616,,,Warminsko-mazurskie,Poland,53.8671,20.7028,"Warminsko-mazurskie, Poland",2022-05-28,All,1891843,132390
61615,PL,POL,616,,,Wielkopolskie,Poland,52.28,17.3523,"Wielkopolskie, Poland",2022-05-28,All,5362232,153471
61616,PL,POL,616,,,Zachodniopomorskie,Poland,53.4658,15.1823,"Zachodniopomorskie, Poland",2022-05-28,All,2534284,148985
620,PT,PRT,620,,,,Portugal,39.3999,-8.2245,Portugal,2022-05-28,All,23890354,234294
634,QA,QAT,634,,,,Qatar,25.3548,51.1839,Qatar,2022-05-28,All,6880233,238809
642,RO,ROU,642,,,,Romania,45.9432,24.9668,Romania,2022-05-28,All,16808158,87371
643,RU,RUS,643,,,,Russia,61.52401,105.318756,Russia,2022-05-28,All,166830060,114318
64301,RU,RUS,643,,,Adygea Republic,Russia,44.6939006,40.1520421,"Adygea Republic, Russia",2022-05-28,All,,0
64302,RU,RUS,643,,,Altai Krai,Russia,52.6932243,82.69314240000001,"Altai Krai, Russia",2022-05-28,All,,0
64304,RU,RUS,643,,,Amur Oblast,Russia,52.8032368,128.437295,"Amur Oblast, Russia",2022-05-28,All,,0
64305,RU,RUS,643,,,Arkhangelsk Oblast,Russia,63.5589686,43.1221646,"Arkhangelsk Oblast, Russia",2022-05-28,All,,0
64306,RU,RUS,643,,,Astrakhan Oblast,Russia,47.1878186,47.608851,"Astrakhan Oblast, Russia",2022-05-28,All,,0
64307,RU,RUS,643,,,Bashkortostan Republic,Russia,54.8573563,57.1439682,"Bashkortostan Republic, Russia",2022-05-28,All,,0
64308,RU,RUS,643,,,Belgorod Oblast,Russia,50.7080119,37.5837615,"Belgorod Oblast, Russia",2022-05-28,All,,0
64309,RU,RUS,643,,,Bryansk Oblast,Russia,52.8873315,33.415853000000006,"Bryansk Oblast, Russia",2022-05-28,All,,0
64310,RU,RUS,643,,,Buryatia Republic,Russia,52.7182426,109.492143,"Buryatia Republic, Russia",2022-05-28,All,,0
64311,RU,RUS,643,,,Chechen Republic,Russia,43.397614700000005,45.6985005,"Chechen Republic, Russia",2022-05-28,All,,0
64312,RU,RUS,643,,,Chelyabinsk Oblast,Russia,54.4223954,61.1865846,"Chelyabinsk Oblast, Russia",2022-05-28,All,,0
64313,RU,RUS,643,,,Chukotka Autonomous Okrug,Russia,66.0006475,169.4900869,"Chukotka Autonomous Okrug, Russia",2022-05-28,All,,0
64314,RU,RUS,643,,,Chuvashia Republic,Russia,55.4259922,47.0849429,"Chuvashia Republic, Russia",2022-05-28,All,,0
64316,RU,RUS,643,,,Ingushetia Republic,Russia,43.11542075,45.01713552,"Ingushetia Republic, Russia",2022-05-28,All,,0
64317,RU,RUS,643,,,Irkutsk Oblast,Russia,56.6370122,104.719221,"Irkutsk Oblast, Russia",2022-05-28,All,,0
64318,RU,RUS,643,,,Ivanovo Oblast,Russia,56.9167446,41.435213700000006,"Ivanovo Oblast, Russia",2022-05-28,All,,0
64319,RU,RUS,643,,,Jewish Autonomous Okrug,Russia,48.57527615,132.66307460000002,"Jewish Autonomous Okrug, Russia",2022-05-28,All,,0
64320,RU,RUS,643,,,Kabardino-Balkarian Republic,Russia,43.4806048,43.5978976,"Kabardino-Balkarian Republic, Russia",2022-05-28,All,,0
64321,RU,RUS,643,,,Kaliningrad Oblast,Russia,54.7293041,21.1489473,"Kaliningrad Oblast, Russia",2022-05-28,All,,0
64322,RU,RUS,643,,,Kalmykia Republic,Russia,46.2313018,45.3275745,"Kalmykia Republic, Russia",2022-05-28,All,,0
64323,RU,RUS,643,,,Kaluga Oblast,Russia,54.4382773,35.5272854,"Kaluga Oblast, Russia",2022-05-28,All,,0
64325,RU,RUS,643,,,Karachay-Cherkess Republic,Russia,43.7368326,41.7267991,"Karachay-Cherkess Republic, Russia",2022-05-28,All,,0
64326,RU,RUS,643,,,Karelia Republic,Russia,62.61940309999999,33.4920267,"Karelia Republic, Russia",2022-05-28,All,,0
64327,RU,RUS,643,,,Kemerovo Oblast,Russia,54.53357809999999,87.342861,"Kemerovo Oblast, Russia",2022-05-28,All,,0
64328,RU,RUS,643,,,Khabarovsk Krai,Russia,51.6312684,136.121524,"Khabarovsk Krai, Russia",2022-05-28,All,,0
64329,RU,RUS,643,,,Khakassia Republic,Russia,53.72258845,91.44293627,"Khakassia Republic, Russia",2022-05-28,All,,0
64330,RU,RUS,643,,,Khanty-Mansi Autonomous Okrug,Russia,61.0259025,69.0982628,"Khanty-Mansi Autonomous Okrug, Russia",2022-05-28,All,,0
64331,RU,RUS,643,,,Kirov Oblast,Russia,57.9665589,49.4074599,"Kirov Oblast, Russia",2022-05-28,All,,0
64332,RU,RUS,643,,,Komi Republic,Russia,63.9881421,54.3326073,"Komi Republic, Russia",2022-05-28,All,,0
64333,RU,RUS,643,,,Kostroma Oblast,Russia,58.424756,44.2533273,"Kostroma Oblast, Russia",2022-05-28,All,,0
64334,RU,RUS,643,,,Krasnodar Krai,Russia,45.7684014,39.0261044,"Krasnodar Krai, Russia",2022-05-28,All,,0
64335,RU,RUS,643,,,Krasnoyarsk Krai,Russia,63.3233807,97.0979974,"Krasnoyarsk Krai, Russia",2022-05-28,All,,0
64336,RU,RUS,643,,,Kurgan Oblast,Russia,55.7655302,64.5632681,"Kurgan Oblast, Russia",2022-05-28,All,,0
64337,RU,RUS,643,,,Kursk Oblast,Russia,51.6568453,36.4852695,"Kursk Oblast, Russia",2022-05-28,All,,0
64338,RU,RUS,643,,,Leningrad Oblast,Russia,60.1853296,32.3925325,"Leningrad Oblast, Russia",2022-05-28,All,,0
64339,RU,RUS,643,,,Lipetsk Oblast,Russia,52.6935178,39.1122664,"Lipetsk Oblast, Russia",2022-05-28,All,,0
64340,RU,RUS,643,,,Magadan Oblast,Russia,62.48858785,153.9903764,"Magadan Oblast, Russia",2022-05-28,All,,0
64341,RU,RUS,643,,,Mari El Republic,Russia,56.5767504,47.8817512,"Mari El Republic, Russia",2022-05-28,All,,0
64342,RU,RUS,643,,,Mordovia Republic,Russia,54.4419829,44.4661144,"Mordovia Republic, Russia",2022-05-28,All,,0
64343,RU,RUS,643,,,Moscow,Russia,55.7504461,37.6174943,"Moscow, Russia",2022-05-28,All,,0
64344,RU,RUS,643,,,Moscow Oblast,Russia,55.50431579999999,38.0353929,"Moscow Oblast, Russia",2022-05-28,All,,0
64345,RU,RUS,643,,,Murmansk Oblast,Russia,68.00004179999999,33.9999151,"Murmansk Oblast, Russia",2022-05-28,All,,0
64346,RU,RUS,643,,,Nenets Autonomous Okrug,Russia,68.27557185,57.1686375,"Nenets Autonomous Okrug, Russia",2022-05-28,All,,0
64347,RU,RUS,643,,,Nizhny Novgorod Oblast,Russia,55.47180329999999,44.0911594,"Nizhny Novgorod Oblast, Russia",2022-05-28,All,,0
64350,RU,RUS,643,,,Novosibirsk Oblast,Russia,54.9720169,79.48139240000002,"Novosibirsk Oblast, Russia",2022-05-28,All,,0
64351,RU,RUS,643,,,Omsk Oblast,Russia,56.09352629999999,73.5099936,"Omsk Oblast, Russia",2022-05-28,All,,0
64352,RU,RUS,643,,,Orel Oblast,Russia,52.96854329999999,36.0692477,"Orel Oblast, Russia",2022-05-28,All,,0
64353,RU,RUS,643,,,Orenburg Oblast,Russia,52.026926200000005,54.7276647,"Orenburg Oblast, Russia",2022-05-28,All,,0
64354,RU,RUS,643,,,Penza Oblast,Russia,53.1655415,44.787918100000006,"Penza Oblast, Russia",2022-05-28,All,,0
64355,RU,RUS,643,,,Perm Krai,Russia,58.5951603,56.3159546,"Perm Krai, Russia",2022-05-28,All,,0
64356,RU,RUS,643,,,Primorsky Krai,Russia,45.0819456,134.726645,"Primorsky Krai, Russia",2022-05-28,All,,0
64357,RU,RUS,643,,,Pskov Oblast,Russia,57.5358729,28.8586826,"Pskov Oblast, Russia",2022-05-28,All,,0
64358,RU,RUS,643,,,Rostov Oblast,Russia,47.6222451,40.7957942,"Rostov Oblast, Russia",2022-05-28,All,,0
64359,RU,RUS,643,,,Ryazan Oblast,Russia,54.422673200000006,40.570524600000006,"Ryazan Oblast, Russia",2022-05-28,All,,0
64360,RU,RUS,643,,,Saint Petersburg,Russia,59.9606739,30.158655100000004,"Saint Petersburg, Russia",2022-05-28,All,,0
64361,RU,RUS,643,,,Sakha (Yakutiya) Republic,Russia,66.941626,129.642371,"Sakha (Yakutiya) Republic, Russia",2022-05-28,All,,0
64362,RU,RUS,643,,,Sakhalin Oblast,Russia,49.7219665,143.448533,"Sakhalin Oblast, Russia",2022-05-28,All,,0
64363,RU,RUS,643,,,Samara Oblast,Russia,53.2128813,50.8914633,"Samara Oblast, Russia",2022-05-28,All,,0
64364,RU,RUS,643,,,Saratov Oblast,Russia,51.6520555,46.86319520000001,"Saratov Oblast, Russia",2022-05-28,All,,0
64365,RU,RUS,643,,,Smolensk Oblast,Russia,55.034349600000006,33.0192065,"Smolensk Oblast, Russia",2022-05-28,All,,0
64367,RU,RUS,643,,,Sverdlovsk Oblast,Russia,58.6414755,61.8021546,"Sverdlovsk Oblast, Russia",2022-05-28,All,,0
64368,RU,RUS,643,,,Tambov Oblast,Russia,52.9019574,41.3578918,"Tambov Oblast, Russia",2022-05-28,All,,0
64369,RU,RUS,643,,,Tatarstan Republic,Russia,55.7648572,52.43104273,"Tatarstan Republic, Russia",2022-05-28,All,,0
64370,RU,RUS,643,,,Tomsk Oblast,Russia,58.6124279,82.04753149999999,"Tomsk Oblast, Russia",2022-05-28,All,,0
64371,RU,RUS,643,,,Tula Oblast,Russia,53.9570701,37.3690909,"Tula Oblast, Russia",2022-05-28,All,,0
64372,RU,RUS,643,,,Tver Oblast,Russia,57.1134475,35.174442799999994,"Tver Oblast, Russia",2022-05-28,All,,0
64373,RU,RUS,643,,,Tyumen Oblast,Russia,58.8206488,70.36588370000001,"Tyumen Oblast, Russia",2022-05-28,All,,0
64374,RU,RUS,643,,,Tyva Republic,Russia,51.4017149,93.8582593,"Tyva Republic, Russia",2022-05-28,All,,0
64375,RU,RUS,643,,,Udmurt Republic,Russia,57.1961165,52.69598320000001,"Udmurt Republic, Russia",2022-05-28,All,,0
64376,RU,RUS,643,,,Ulyanovsk Oblast,Russia,54.1463177,47.2324921,"Ulyanovsk Oblast, Russia",2022-05-28,All,,0
64384,RU,RUS,643,,,Unknown,Russia,,,"Unknown, Russia",2022-05-28,All,166830060,
64377,RU,RUS,643,,,Vladimir Oblast,Russia,56.0503336,40.6561633,"Vladimir Oblast, Russia",2022-05-28,All,,0
64378,RU,RUS,643,,,Volgograd Oblast,Russia,49.6048339,44.29035820000001,"Volgograd Oblast, Russia",2022-05-28,All,,0
64379,RU,RUS,643,,,Vologda Oblast,Russia,60.0391461,43.1215213,"Vologda Oblast, Russia",2022-05-28,All,,0
64380,RU,RUS,643,,,Voronezh Oblast,Russia,50.9800393,40.15065070000001,"Voronezh Oblast, Russia",2022-05-28,All,,0
64381,RU,RUS,643,,,Yamalo-Nenets Autonomous Okrug,Russia,67.1471631,74.3415488,"Yamalo-Nenets Autonomous Okrug, Russia",2022-05-28,All,,0
64382,RU,RUS,643,,,Yaroslavl Oblast,Russia,57.778197600000006,39.0021095,"Yaroslavl Oblast, Russia",2022-05-28,All,,0
64383,RU,RUS,643,,,Zabaykalsky Krai,Russia,52.248521,115.956325,"Zabaykalsky Krai, Russia",2022-05-28,All,,0
646,RW,RWA,646,,,,Rwanda,-1.9403,29.8739,Rwanda,2022-05-28,All,21917222,169216
659,KN,KNA,659,,,,Saint Kitts and Nevis,17.357822,-62.782998,Saint Kitts and Nevis,2022-05-28,All,60467,113676
662,LC,LCA,662,,,,Saint Lucia,13.9094,-60.9789,Saint Lucia,2022-05-28,All,120643,65699
670,VC,VCT,670,,,,Saint Vincent and the Grenadines,12.9843,-61.2872,Saint Vincent and the Grenadines,2022-05-28,All,70847,63856
882,WS,WSM,882,,,,Samoa,-13.759,-172.1046,Samoa,2022-05-28,All,412127,210129
674,SM,SMR,674,,,,San Marino,43.9424,12.4578,San Marino,2022-05-28,All,70784,208568
678,ST,STP,678,,,,Sao Tome and Principe,0.1864,6.6131,Sao Tome and Principe,2022-05-28,All,208657,95207
682,SA,SAU,682,,,,Saudi Arabia,23.885942,45.079162,Saudi Arabia,2022-05-28,All,65617670,188481
686,SN,SEN,686,,,,Senegal,14.4974,-14.4524,Senegal,2022-05-28,All,2523856,15073
688,RS,SRB,688,,,,Serbia,44.0165,21.0059,Serbia,2022-05-28,All,8529217,97617
690,SC,SYC,690,,,,Seychelles,-4.6796,55.492,Seychelles,2022-05-28,All,201121,204515
694,SL,SLE,694,,,,Sierra Leone,8.460555000000001,-11.779889,Sierra Leone,2022-05-28,All,2930408,36735
702,SG,SGP,702,,,,Singapore,1.2833,103.8333,Singapore,2022-05-28,All,14088862,240821
703,SK,SVK,703,,,,Slovakia,48.669,19.699,Slovakia,2022-05-28,All,7073274,129555
705,SI,SVN,705,,,,Slovenia,46.1512,14.9955,Slovenia,2022-05-28,All,3140965,151085
70501,SI,SVN,705,,,Gorenjska,Slovenia,46.3154,14.2913,"Gorenjska, Slovenia",2022-05-28,All,316822,154796
70502,SI,SVN,705,,,Goriska,Slovenia,45.9402,13.6202,"Goriska, Slovenia",2022-05-28,All,182255,154957
70503,SI,SVN,705,,,Jugovzhodna Slovenija,Slovenia,46.0569,14.5057,"Jugovzhodna Slovenija, Slovenia",2022-05-28,All,205404,142609
70504,SI,SVN,705,,,Koroska,Slovenia,46.7222,14.1806,"Koroska, Slovenia",2022-05-28,All,110725,156860
70505,SI,SVN,705,,,Obalno-kraska,Slovenia,45.5451,13.8847,"Obalno-kraska, Slovenia",2022-05-28,All,166781,145006
70506,SI,SVN,705,,,Osrednjeslovenska,Slovenia,46.0552,14.5149,"Osrednjeslovenska, Slovenia",2022-05-28,All,861925,152680
70507,SI,SVN,705,,,Podravska,Slovenia,46.7725,12.7429,"Podravska, Slovenia",2022-05-28,All,460708,142148
70508,SI,SVN,705,,,Pomurska,Slovenia,45.7164,10.3404,"Pomurska, Slovenia",2022-05-28,All,173158,151511
70509,SI,SVN,705,,,Posavska,Slovenia,45.2638,17.3265,"Posavska, Slovenia",2022-05-28,All,106213,151587
70510,SI,SVN,705,,,Primorsko-notranjska,Slovenia,45.6879,14.3063,"Primorsko-notranjska, Slovenia",2022-05-28,All,81011,154177
70511,SI,SVN,705,,,Savinjska,Slovenia,46.2309,15.2604,"Savinjska, Slovenia",2022-05-28,All,373517,142644
70513,SI,SVN,705,,,Unknown,Slovenia,,,"Unknown, Slovenia",2022-05-28,All,12704,
70512,SI,SVN,705,,,Zasavska,Slovenia,46.155,15.0533,"Zasavska, Slovenia",2022-05-28,All,89742,215694
90,SB,SLB,90,,,,Solomon Islands,-9.6457,160.1562,Solomon Islands,2022-05-28,All,452002,69234
706,SO,SOM,706,,,,Somalia,5.152149,46.199616,Somalia,2022-05-28,All,2712296,17065
710,ZA,ZAF,710,,,,South Africa,-30.5595,22.9375,South Africa,2022-05-28,All,36005670,60708
728,SS,SSD,728,,,,South Sudan,6.877000000000001,31.307,South Sudan,2022-05-28,All,730047,6521
724,ES,ESP,724,,,,Spain,40.463667,-3.74922,Spain,2022-05-28,All,101466700,217018
72401,ES,ESP,724,,,Andalusia,Spain,37.5443,-4.7278,"Andalusia, Spain",2022-05-28,All,17273589,204969
72402,ES,ESP,724,,,Aragon,Spain,41.5976,-0.9057,"Aragon, Spain",2022-05-28,All,2651368,200772
72403,ES,ESP,724,,,Asturias,Spain,43.3614,-5.8593,"Asturias, Spain",2022-05-28,All,2293466,224364
72404,ES,ESP,724,,,Baleares,Spain,39.710358,2.995148,"Baleares, Spain",2022-05-28,All,2044159,172035
72411,ES,ESP,724,,,C. Valenciana,Spain,39.484,-0.7533,"C. Valenciana, Spain",2022-05-28,All,10115395,203325
72405,ES,ESP,724,,,Canarias,Spain,28.2916,-16.6291,"Canarias, Spain",2022-05-28,All,4162588,188616
72406,ES,ESP,724,,,Cantabria,Spain,43.1828,-3.9878,"Cantabria, Spain",2022-05-28,All,1267478,217914
72407,ES,ESP,724,,,Castilla - La Mancha,Spain,39.2796,-3.0977,"Castilla - La Mancha, Spain",2022-05-28,All,3995564,196354
72408,ES,ESP,724,,,Castilla y Leon,Spain,41.8357,-4.3976,"Castilla y Leon, Spain",2022-05-28,All,5314356,220720
72409,ES,ESP,724,,,Catalonia,Spain,41.5912,1.5209,"Catalonia, Spain",2022-05-28,All,14205542,187744
72410,ES,ESP,724,,,Ceuta,Spain,35.8894,-5.3213,"Ceuta, Spain",2022-05-28,All,152585,179873
72412,ES,ESP,724,,,Extremadura,Spain,39.4937,-6.0679,"Extremadura, Spain",2022-05-28,All,2330138,218705
72413,ES,ESP,724,,,Galicia,Spain,42.5751,-8.1339,"Galicia, Spain",2022-05-28,All,6123935,226775
72419,ES,ESP,724,,,La Rioja,Spain,42.2871,-2.5396,"La Rioja, Spain",2022-05-28,All,646610,206208
72414,ES,ESP,724,,,Madrid,Spain,40.4168,-3.7038,"Madrid, Spain",2022-05-28,All,13238833,199330
72415,ES,ESP,724,,,Melilla,Spain,35.2923,-2.9381,"Melilla, Spain",2022-05-28,All,144017,170053
72416,ES,ESP,724,,,Murcia,Spain,37.9922,-1.1307,"Murcia, Spain",2022-05-28,All,2817878,189416
72417,ES,ESP,724,,,Navarra,Spain,42.6954,-1.6761,"Navarra, Spain",2022-05-28,All,1320644,203192
72418,ES,ESP,724,,,Pais Vasco,Spain,42.9896,-2.6189,"Pais Vasco, Spain",2022-05-28,All,4417865,202851
72420,ES,ESP,724,,,Unknown,Spain,,,"Unknown, Spain",2022-05-28,All,218952,
144,LK,LKA,144,,,,Sri Lanka,7.873054,80.77179699999999,Sri Lanka,2022-05-28,All,39550965,184703
729,SD,SDN,729,,,,Sudan,12.8628,30.2176,Sudan,2022-05-28,All,7096087,16182
740,SR,SUR,740,,,,Suriname,3.9193,-56.0278,Suriname,2022-05-28,All,553668,94380
752,SE,SWE,752,,,,Sweden,60.128161,18.643501,Sweden,2022-05-28,All,22402458,221822
75201,SE,SWE,752,,,Blekinge,Sweden,56.2784,15.018,"Blekinge, Sweden",2022-05-28,All,365607,229068
75202,SE,SWE,752,,,Dalarna,Sweden,61.0917,14.6664,"Dalarna, Sweden",2022-05-28,All,664402,230722
75203,SE,SWE,752,,,Gavleborg,Sweden,61.3012,16.1534,"Gavleborg, Sweden",2022-05-28,All,648930,225807
75204,SE,SWE,752,,,Gotland,Sweden,57.4684,18.4867,"Gotland, Sweden",2022-05-28,All,147017,246317
75205,SE,SWE,752,,,Halland,Sweden,56.8967,12.8034,"Halland, Sweden",2022-05-28,All,762562,228415
75206,SE,SWE,752,,,Jamtland Harjedalen,Sweden,63.1712,14.9592,"Jamtland Harjedalen, Sweden",2022-05-28,All,298834,228448
75207,SE,SWE,752,,,Jonkoping,Sweden,57.3708,14.3439,"Jonkoping, Sweden",2022-05-28,All,806978,221941
75208,SE,SWE,752,,,Kalmar,Sweden,57.235,16.1849,"Kalmar, Sweden",2022-05-28,All,578933,235869
75209,SE,SWE,752,,,Kronoberg,Sweden,56.7183,14.4115,"Kronoberg, Sweden",2022-05-28,All,428045,212461
75210,SE,SWE,752,,,Norrbotten,Sweden,66.8309,20.3992,"Norrbotten, Sweden",2022-05-28,All,593518,237318
75211,SE,SWE,752,,,Orebro,Sweden,59.535,15.0066,"Orebro, Sweden",2022-05-28,All,686974,225381
75212,SE,SWE,752,,,Ostergotland,Sweden,58.3454,15.5198,"Ostergotland, Sweden",2022-05-28,All,1065031,228795
75213,SE,SWE,752,,,Skane,Sweden,55.9903,13.5958,"Skane, Sweden",2022-05-28,All,2823929,204955
75214,SE,SWE,752,,,Sormland,Sweden,59.0336,16.7519,"Sormland, Sweden",2022-05-28,All,659955,221803
75215,SE,SWE,752,,,Stockholm,Sweden,59.6025,18.1384,"Stockholm, Sweden",2022-05-28,All,4826690,203051
75216,SE,SWE,752,,,Uppsala,Sweden,60.0092,17.2715,"Uppsala, Sweden",2022-05-28,All,891517,232339
75217,SE,SWE,752,,,Varmland,Sweden,59.7294,13.2354,"Varmland, Sweden",2022-05-28,All,681240,241220
75218,SE,SWE,752,,,Vasterbotten,Sweden,65.3337,16.5162,"Vasterbotten, Sweden",2022-05-28,All,647171,238161
75219,SE,SWE,752,,,Vasternorrland,Sweden,63.4276,17.7292,"Vasternorrland, Sweden",2022-05-28,All,567345,231241
75220,SE,SWE,752,,,Vastmanland,Sweden,59.6714,16.2159,"Vastmanland, Sweden",2022-05-28,All,606735,219955
75221,SE,SWE,752,,,Vastra Gotaland,Sweden,58.2528,13.0596,"Vastra Gotaland, Sweden",2022-05-28,All,3651045,211546
756,CH,CHE,756,,,,Switzerland,46.8182,8.2275,Switzerland,2022-05-28,All,15712844,181554
75601,CH,CHE,756,,,Aargau,Switzerland,47.3877,8.2554,"Aargau, Switzerland",2022-05-28,All,1248992,182109
75602,CH,CHE,756,,,Appenzell Ausserrhoden,Switzerland,47.3665,9.3001,"Appenzell Ausserrhoden, Switzerland",2022-05-28,All,92579,166974
75603,CH,CHE,756,,,Appenzell Innerrhoden,Switzerland,47.3162,9.4317,"Appenzell Innerrhoden, Switzerland",2022-05-28,All,23754,147284
75604,CH,CHE,756,,,Basel-Landschaft,Switzerland,47.4418,7.7644,"Basel-Landschaft, Switzerland",2022-05-28,All,542002,186405
75605,CH,CHE,756,,,Basel-Stadt,Switzerland,47.5596,7.5886,"Basel-Stadt, Switzerland",2022-05-28,All,422813,209865
75606,CH,CHE,756,,,Berne,Switzerland,46.948,7.4474,"Berne, Switzerland",2022-05-28,All,1981516,191455
75607,CH,CHE,756,,,Fribourg,Switzerland,46.8065,7.162000000000001,"Fribourg, Switzerland",2022-05-28,All,500900,155663
75608,CH,CHE,756,,,Geneva,Switzerland,46.2044,6.1432,"Geneva, Switzerland",2022-05-28,All,964743,191368
75609,CH,CHE,756,,,Glarus,Switzerland,47.0411,9.0679,"Glarus, Switzerland",2022-05-28,All,64513,158938
75610,CH,CHE,756,,,Grisons,Switzerland,46.657,9.578,"Grisons, Switzerland",2022-05-28,All,366282,184041
75611,CH,CHE,756,,,Jura,Switzerland,47.3444,7.1431,"Jura, Switzerland",2022-05-28,All,121338,164897
75612,CH,CHE,756,,,Lucerne,Switzerland,47.0502,8.3093,"Lucerne, Switzerland",2022-05-28,All,736559,178291
75613,CH,CHE,756,,,Neuchatel,Switzerland,46.99,6.9293,"Neuchatel, Switzerland",2022-05-28,All,312085,176822
75614,CH,CHE,756,,,Nidwalden,Switzerland,46.9267,8.385,"Nidwalden, Switzerland",2022-05-28,All,75591,175438
75615,CH,CHE,756,,,Obwalden,Switzerland,46.8779,8.2512,"Obwalden, Switzerland",2022-05-28,All,54477,143625
75616,CH,CHE,756,,,Schaffhausen,Switzerland,47.6959,8.638,"Schaffhausen, Switzerland",2022-05-28,All,159476,193661
75617,CH,CHE,756,,,Schwyz,Switzerland,47.0207,8.652999999999999,"Schwyz, Switzerland",2022-05-28,All,244182,152157
75618,CH,CHE,756,,,Solothurn,Switzerland,47.2088,7.5323,"Solothurn, Switzerland",2022-05-28,All,490102,178058
75619,CH,CHE,756,,,St. Gallen,Switzerland,47.4245,9.3767,"St. Gallen, Switzerland",2022-05-28,All,833827,163260
75620,CH,CHE,756,,,Thurgau,Switzerland,47.6038,9.0557,"Thurgau, Switzerland",2022-05-28,All,449852,160921
75621,CH,CHE,756,,,Ticino,Switzerland,46.3317,8.8005,"Ticino, Switzerland",2022-05-28,All,675465,192171
75627,CH,CHE,756,,,Unknown,Switzerland,,,"Unknown, Switzerland",2022-05-28,All,15223,
75622,CH,CHE,756,,,Uri,Switzerland,46.7739,8.6025,"Uri, Switzerland",2022-05-28,All,62163,169367
75623,CH,CHE,756,,,Valais,Switzerland,46.1905,7.5449,"Valais, Switzerland",2022-05-28,All,592255,171407
75624,CH,CHE,756,,,Vaud,Switzerland,46.5613,6.5368,"Vaud, Switzerland",2022-05-28,All,1467110,182227
75625,CH,CHE,756,,,Zug,Switzerland,47.1662,8.5155,"Zug, Switzerland",2022-05-28,All,244842,191819
75626,CH,CHE,756,,,Zurich,Switzerland,47.3769,8.5417,"Zurich, Switzerland",2022-05-28,All,2970203,195283
760,SY,SYR,760,,,,Syria,34.802075,38.996815000000005,Syria,2022-05-28,All,3801752,21723
158,TW,TWN,158,,,,Taiwan*,23.7,121.0,Taiwan*,2022-05-28,All,54667393,229533
762,TJ,TJK,762,,,,Tajikistan,38.861,71.2761,Tajikistan,2022-05-28,All,12504152,131103
834,TZ,TZA,834,,,,Tanzania,-6.369028,34.888822,Tanzania,2022-05-28,All,7967468,13338
764,TH,THA,764,,,,Thailand,15.870032,100.992541,Thailand,2022-05-28,All,137276732,196671
626,TL,TLS,626,,,,Timor-Leste,-8.874217,125.727539,Timor-Leste,2022-05-28,All,1547717,117389
768,TG,TGO,768,,,,Togo,8.6195,0.8248,Togo,2022-05-28,All,3290821,39750
780,TT,TTO,780,,,,Trinidad and Tobago,10.6918,-61.2225,Trinidad and Tobago,2022-05-28,All,1561850,111601
788,TN,TUN,788,,,,Tunisia,33.886917,9.537499,Tunisia,2022-05-28,All,13164136,111384
792,TR,TUR,792,,,,Turkey,38.9637,35.2433,Turkey,2022-05-28,All,147717865,175147
840,US,USA,840,,,,US,40.0,-100.0,US,2022-05-28,All,579387321,175856
84000001,US,USA,840,1,,Alabama,US,32.3182,-86.9023,"Alabama, US",2022-05-28,All,6355750,129624
84000002,US,USA,840,2,,Alaska,US,61.3707,-152.4044,"Alaska, US",2022-05-28,All,1161268,158741
16,AS,ASM,16,60,,American Samoa,US,-14.271,-170.132,"American Samoa, US",2022-05-28,All,110743,199031
84000004,US,USA,840,4,,Arizona,US,33.7298,-111.4312,"Arizona, US",2022-05-28,All,12368792,169930
84000005,US,USA,840,5,,Arkansas,US,34.9697,-92.3731,"Arkansas, US",2022-05-28,All,4297288,142397
84000006,US,USA,840,6,,California,US,36.1162,-119.6816,"California, US",2022-05-28,All,76483677,193569
84000008,US,USA,840,8,,Colorado,US,39.0598,-105.3111,"Colorado, US",2022-05-28,All,10918598,189600
84000009,US,USA,840,9,,Connecticut,US,41.5978,-72.7554,"Connecticut, US",2022-05-28,All,7765599,217811
84000010,US,USA,840,10,,Delaware,US,39.3185,-75.5071,"Delaware, US",2022-05-28,All,1854667,190463
84000011,US,USA,840,11,,District of Columbia,US,38.8974,-77.0268,"District of Columbia, US",2022-05-28,All,1847223,261739
84000012,US,USA,840,12,,Florida,US,27.7663,-81.6868,"Florida, US",2022-05-28,All,38131993,177541
84000013,US,USA,840,13,,Georgia,US,33.0406,-83.6431,"Georgia, US",2022-05-28,All,15141974,142614
316,GU,GUM,316,66,,Guam,US,13.4443,144.7937,"Guam, US",2022-05-28,All,356261,216929
84000015,US,USA,840,15,,Hawaii,US,21.0943,-157.4983,"Hawaii, US",2022-05-28,All,2897660,204655
84000016,US,USA,840,16,,Idaho,US,44.2405,-114.4788,"Idaho, US",2022-05-28,All,2538023,142021
84000017,US,USA,840,17,,Illinois,US,40.3495,-88.9861,"Illinois, US",2022-05-28,All,23025883,181709
84000018,US,USA,840,18,,Indiana,US,39.8494,-86.2583,"Indiana, US",2022-05-28,All,9730436,144535
84000019,US,USA,840,19,,Iowa,US,42.0115,-93.2105,"Iowa, US",2022-05-28,All,5202976,164908
84000020,US,USA,840,20,,Kansas,US,38.5266,-96.7265,"Kansas, US",2022-05-28,All,4683570,160764
84000021,US,USA,840,21,,Kentucky,US,37.6681,-84.6701,"Kentucky, US",2022-05-28,All,6612106,147998
84000022,US,USA,840,22,,Louisiana,US,31.1695,-91.8678,"Louisiana, US",2022-05-28,All,6326867,136096
84000023,US,USA,840,23,,Maine,US,44.6939,-69.3819,"Maine, US",2022-05-28,All,2920547,217268
84000024,US,USA,840,24,,Maryland,US,39.0639,-76.8021,"Maryland, US",2022-05-28,All,12321754,203810
84000025,US,USA,840,25,,Massachusetts,US,42.2302,-71.5301,"Massachusetts, US",2022-05-28,All,15167989,220065
84000026,US,USA,840,26,,Michigan,US,43.3266,-84.5361,"Michigan, US",2022-05-28,All,16164196,161854
84000027,US,USA,840,27,,Minnesota,US,45.6945,-93.9002,"Minnesota, US",2022-05-28,All,10558654,187222
84000028,US,USA,840,28,,Mississippi,US,32.7416,-89.6787,"Mississippi, US",2022-05-28,All,3916010,131579
84000029,US,USA,840,29,,Missouri,US,38.4561,-92.2884,"Missouri, US",2022-05-28,All,9081856,147974
84000030,US,USA,840,30,,Montana,US,46.9219,-110.4544,"Montana, US",2022-05-28,All,1615666,151169
84000031,US,USA,840,31,,Nebraska,US,41.1254,-98.2681,"Nebraska, US",2022-05-28,All,3231403,167048
84000032,US,USA,840,32,,Nevada,US,38.3135,-117.0554,"Nevada, US",2022-05-28,All,4969158,161328
84000033,US,USA,840,33,,New Hampshire,US,43.4525,-71.5639,"New Hampshire, US",2022-05-28,All,2627136,193212
84000034,US,USA,840,34,,New Jersey,US,40.2989,-74.521,"New Jersey, US",2022-05-28,All,17519414,197242
84000035,US,USA,840,35,,New Mexico,US,34.8405,-106.2485,"New Mexico, US",2022-05-28,All,4019051,191672
84000036,US,USA,840,36,,New York,US,42.1657,-74.9481,"New York, US",2022-05-28,All,39842843,204810
84000037,US,USA,840,37,,North Carolina,US,35.6301,-79.8064,"North Carolina, US",2022-05-28,All,17002623,162113
84000038,US,USA,840,38,,North Dakota,US,47.5289,-99.784,"North Dakota, US",2022-05-28,All,1329650,174480
580,MP,MNP,580,69,,Northern Mariana Islands,US,15.0979,145.6739,"Northern Mariana Islands, US",2022-05-28,All,111665,202497
84000039,US,USA,840,39,,Ohio,US,40.3888,-82.7649,"Ohio, US",2022-05-28,All,18222842,155896
84000040,US,USA,840,40,,Oklahoma,US,35.5653,-96.9289,"Oklahoma, US",2022-05-28,All,5986384,151287
84000041,US,USA,840,41,,Oregon,US,44.572,-122.0709,"Oregon, US",2022-05-28,All,7951597,188527
84000042,US,USA,840,42,,Pennsylvania,US,40.5908,-77.2098,"Pennsylvania, US",2022-05-28,All,23438528,183085
630,PR,PRI,630,72,,Puerto Rico,US,18.2208,-66.5901,"Puerto Rico, US",2022-05-28,All,7274755,227784
84000044,US,USA,840,44,,Rhode Island,US,41.6809,-71.5118,"Rhode Island, US",2022-05-28,All,2260943,213425
84000045,US,USA,840,45,,South Carolina,US,33.8569,-80.945,"South Carolina, US",2022-05-28,All,7650656,148593
84000046,US,USA,840,46,,South Dakota,US,44.2998,-99.4388,"South Dakota, US",2022-05-28,All,1441270,162918
84000047,US,USA,840,47,,Tennessee,US,35.7478,-86.6923,"Tennessee, US",2022-05-28,All,10108535,148019
84000048,US,USA,840,48,,Texas,US,31.0545,-97.5635,"Texas, US",2022-05-28,All,47495998,163802
84000049,US,USA,840,49,,Utah,US,40.15,-111.8624,"Utah, US",2022-05-28,All,5266416,164269
84000050,US,USA,840,50,,Vermont,US,44.0459,-72.7107,"Vermont, US",2022-05-28,All,1437059,230301
850,VI,VIR,850,78,,Virgin Islands,US,18.3358,-64.8963,"Virgin Islands, US",2022-05-28,All,147572,137573
84000051,US,USA,840,51,,Virginia,US,37.7693,-78.17,"Virginia, US",2022-05-28,All,16783474,196630
84000053,US,USA,840,53,,Washington,US,47.4009,-121.4905,"Washington, US",2022-05-28,All,14752958,193738
84000054,US,USA,840,54,,West Virginia,US,38.4912,-80.9545,"West Virginia, US",2022-05-28,All,2528838,152808
84000055,US,USA,840,55,,Wisconsin,US,44.2685,-89.6165,"Wisconsin, US",2022-05-28,All,10478662,179970
84000056,US,USA,840,56,,Wyoming,US,42.756,-107.3025,"Wyoming, US",2022-05-28,All,752858,130081
800,UG,UGA,800,,,,Uganda,1.373333,32.290275,Uganda,2022-05-28,All,21044430,46007
784,AE,ARE,784,,,,United Arab Emirates,23.424076,53.847818,United Arab Emirates,2022-05-28,All,24895453,251713
826,GB,GBR,826,,,,United Kingdom,55.3781,-3.4360000000000004,United Kingdom,2022-05-28,All,144455659,212791
660,AI,AIA,660,,,Anguilla,United Kingdom,18.2206,-63.0686,"Anguilla, United Kingdom",2022-05-28,All,23601,157319
60,BM,BMU,60,,,Bermuda,United Kingdom,32.3078,-64.7505,"Bermuda, United Kingdom",2022-05-28,All,131612,211346
92,VG,VGB,92,,,British Virgin Islands,United Kingdom,18.4207,-64.64,"British Virgin Islands, United Kingdom",2022-05-28,All,40969,135492
136,KY,CYM,136,,,Cayman Islands,United Kingdom,19.3133,-81.2546,"Cayman Islands, United Kingdom",2022-05-28,All,144209,219429
8261,GB,GBR,826,,,Channel Islands,United Kingdom,49.3723,-2.3644,"Channel Islands, United Kingdom",2022-05-28,All,367460,215520
82601,GB,GBR,826,,,England,United Kingdom,52.3555,-1.1743,"England, United Kingdom",2022-05-28,All,119905703,214204
238,FK,FLK,238,,,Falkland Islands (Malvinas),United Kingdom,-51.7963,-59.5236,"Falkland Islands (Malvinas), United Kingdom",2022-05-28,All,4407,126528
292,GI,GIB,292,,,Gibraltar,United Kingdom,36.1408,-5.3536,"Gibraltar, United Kingdom",2022-05-28,All,119855,355747
833,IM,IMN,833,,,Isle of Man,United Kingdom,54.2361,-4.5481,"Isle of Man, United Kingdom",2022-05-28,All,189896,223322
500,MS,MSR,500,,,Montserrat,United Kingdom,16.742498,-62.187366,"Montserrat, United Kingdom",2022-05-28,All,4255,85117
82602,GB,GBR,826,,,Northern Ireland,United Kingdom,54.7877,-6.4923,"Northern Ireland, United Kingdom",2022-05-28,All,3906474,207614
654,SH,SHN,654,,,"Saint Helena, Ascension and Tristan da Cunha",United Kingdom,-7.9467,-14.3559,"Saint Helena, Ascension and Tristan da Cunha, United Kingdom",2022-05-28,All,7892,139410
82603,GB,GBR,826,,,Scotland,United Kingdom,56.4907,-4.2026,"Scotland, United Kingdom",2022-05-28,All,12271265,224612
796,TC,TCA,796,,,Turks and Caicos Islands,United Kingdom,21.694000000000003,-71.7979,"Turks and Caicos Islands, United Kingdom",2022-05-28,All,69465,179412
82604,GB,GBR,826,,,Wales,United Kingdom,52.1307,-3.7837,"Wales, United Kingdom",2022-05-28,All,6993313,222816
858,UY,URY,858,,,,Uruguay,-32.5228,-55.7658,Uruguay,2022-05-28,All,8387547,241456
860,UZ,UZB,860,,,,Uzbekistan,41.377491,64.585262,Uzbekistan,2022-05-28,All,50434421,150689
548,VU,VUT,548,,,,Vanuatu,-15.3767,166.9592,Vanuatu,2022-05-28,All,301000,102842
862,VE,VEN,862,,,,Venezuela,6.4238,-66.5897,Venezuela,2022-05-28,All,37860994,133144
704,VN,VNM,704,,,,Vietnam,14.058324,108.277199,Vietnam,2022-05-28,All,220441206,226468
275,PS,PSE,275,,,,West Bank and Gaza,31.9522,35.2332,West Bank and Gaza,2022-05-28,All,3721894,72958
887,YE,YEM,887,,,,Yemen,15.552727,48.516388,Yemen,2022-05-28,All,836455,2804
894,ZM,ZMB,894,,,,Zambia,-13.133897,27.849332,Zambia,2022-05-28,All,3478542,14335
716,ZW,ZWE,716,,,,Zimbabwe,-19.015438,29.154857,Zimbabwe,2022-05-28,All,11722284,78869
